player_id,lnr_id,lnr_slug,photo_url,name,team,team_code,position_group,position_raw,season,matches_played,minutes_total,minutes_avg,tackles_per80,tackle_success_pct,penalties_per80,turnovers_won_per80,turnovers_lost_per80,carries_per80,meters_per80,line_breaks_per80,offloads_per80,passes_per80,kick_meters_per80,points_scored_per80,errors_per80,ruck_arrivals_per80,lineout_wins_per80,scrum_success_pct,_source,age,height_cm,weight_kg,nationality,_h_global_norm,_w_global_norm,rating_raw,rating,confidence,axis_att,axis_ctrl,axis_kick,axis_def,axis_pow,axis_gabarit,kick_points_per80,form_score,form_trend,form_matches,form_scores_list,axis_disc,age_factor,position_label,position_abbr,confidence_score,confidence_badge,low_sample,minutes_bucket,data_insufficient,rank_position,rating_percentile_position,rating_intl,team_intl,matches_intl,cluster_intl,axis_course_intl,axis_distrib_intl,axis_kicking_intl,axis_physique_intl,axis_rigueur_intl,axis_danger_intl,axis_melee_intl,intl_bonus
lnr_694,694,cristian-ojovan,https://cdn.lnr.fr/joueur/694-cristian-ojovan/photo/photoFull.b5e9990d9a31ede8327da9bafe6aeb896ea144f3,C. Ojovan,Clermont,CLR,FRONT_ROW,1ère ligne,2021-2022,22,943.0,42.9,7.8,,,0.0,,,,0.0,0.08,,,0.0,,,,,lnr,25.0,183.0,120.0,Moldavie,93.36734693877551,96.0,64.1,64.0,1.0,0,8,0,35,30,93,,36.9,↘,5,"[57.5, 33.6, 46.9, 30.9, 46.9]",100,1.26,1ère Ligne,1L,100,Haute,False,Bonne,False,58,20.8,,,,,,,,,,,,0.0
lnr_667,667,etienne-falgoux,https://cdn.lnr.fr/joueur/667-etienne-falgoux/photo/photoFull.b5e9990d9a31ede8327da9bafe6aeb896ea144f3,Etienne Falgoux,Clermont,CLR,FRONT_ROW,1ère ligne,2021-2022,20,857.0,42.9,6.63,,,0.65,,,,0.0,0.09,,,0.0,,,,,lnr,29.0,183.0,105.0,France,93.36734693877551,84.0,68.8,66.7,1.0,0,9,0,22,54,84,,25.6,↘,5,"[50.4, 14.1, 14.7, 23.6, 37.7]",100,2.96,1ère Ligne,1L,100,Haute,False,Bonne,False,46,36.1,,,,,,,,,,,,0.0
lnr_687,687,paul-jedrasiak,https://cdn.lnr.fr/joueur/687-paul-jedrasiak/photo/photoFull.50e0d211418fb8267083232d5e5561b6e88fe79f,Paul Jedrasiak,Clermont,CLR,LOCK,2ème ligne,2021-2022,19,770.0,40.5,8.83,,,0.1,,,,0.1,0.52,,,0.52,,,,,lnr,29.0,,121.0,France,0.0,96.8,59.0,61.7,1.0,29,37,43,42,34,14,,46.8,↗,5,"[11.8, 50.0, 45.6, 60.9, 65.3]",100,2.96,2ème Ligne,2L,100,Haute,False,Moyenne,False,23,33.8,77.7,France,10,cluster_1,73.3,76.2,50.0,84.1,79.4,61.0,82.4,0.2700000000000003
lnr_661,661,lucas-dessaigne,https://cdn.lnr.fr/joueur/661-lucas-dessaigne/photo/photoFull.b5e9990d9a31ede8327da9bafe6aeb896ea144f3,Lucas Dessaigne,Clermont,CLR,BACK_ROW,3ème ligne,2021-2022,17,645.0,37.9,14.51,,,0.37,,,,0.12,0.5,,,1.24,,,,,lnr,23.0,188.0,96.0,France,95.91836734693877,76.8,74.4,77.2,1.0,27,50,89,89,42,87,,80.8,↗,5,"[88.9, 80.0, 100, 68.7, 66.4]",100,-0.16,3ème Ligne,3L,100,Haute,False,Moyenne,False,1,100.0,,,,,,,,,,,,0.0
lnr_677,677,yohan-beheregaray,https://cdn.lnr.fr/joueur/677-yohan-beheregaray/photo/photoFull.df70eb994b7734bdf40e01b850e18c98079124f9,Y. Beheregaray,Clermont,CLR,FRONT_ROW,1ère ligne,2021-2022,16,623.0,38.9,8.22,,,0.26,,,,0.0,0.26,,,3.85,,,,,lnr,,,,,0.0,0.0,54.1,54.1,1.0,0,25,100,39,40,0,,50.0,→,0,[],100,0.0,1ère Ligne,1L,100,Haute,False,Moyenne,False,69,5.6,,,,,,,,,,,,0.0
lnr_669,669,sebastien-bezy,https://cdn.lnr.fr/joueur/669-sebastien-bezy/photo/photoFull.b5e9990d9a31ede8327da9bafe6aeb896ea144f3,S. Bezy,Clermont,CLR,SCRUM_HALF,Demi de mêlée,2021-2022,16,831.0,51.9,5.68,,,0.19,,,,0.39,0.77,,,1.93,,,,,lnr,30.0,174.0,76.0,France,88.77551020408163,60.8,77.8,73.8,1.0,74,62,23,40,54,86,1.93,25.1,↘,5,"[100, 50.4, 58.8, 9.8, 0]",100,2.61,Demi de mêlée,9,100,Haute,False,Bonne,False,8,65.0,68.2,France,8,cluster_1,52.1,60.8,50.0,80.4,97.6,50.7,95.1,0.0
lnr_711,711,thibaud-lanen,https://cdn.lnr.fr/joueur/711-thibaud-lanen/photo/photoFull.b5e9990d9a31ede8327da9bafe6aeb896ea144f3,Thibaud Lanen,Clermont,CLR,LOCK,2ème ligne,2021-2022,16,862.0,53.9,8.63,,,0.09,,,,0.0,0.19,,,0.46,,,,,lnr,24.0,198.0,109.0,France,100.0,87.2,65.5,67.6,1.0,0,14,38,40,34,97,,58.9,↘,5,"[24.7, 100, 70.1, 65.3, 63.3]",100,0.5,2ème Ligne,2L,100,Haute,False,Bonne,False,14,61.8,,,,,,,,,,,,0.0
lnr_336,336,tani-vili,https://cdn.lnr.fr/joueur/336-tani-vili/photo/photoFull.0d105085f705532550693973c5545a1d4e020463,Tani Vili,Clermont,CLR,CENTRE,Centre,2021-2022,16,840.0,52.5,4.95,,,0.29,,,,0.38,0.38,,,1.43,,,,,lnr,21.0,187.0,109.0,France,95.40816326530613,87.2,65.5,63.7,1.0,37,23,46,34,53,97,,29.5,↗,5,"[28.8, 30.1, 47.8, 36.7, 25.3]",100,-1.03,Centre,CTR,100,Haute,False,Bonne,False,16,46.4,,,,,,,,,,,,0.0
lnr_662,662,giorgi-beria,https://cdn.lnr.fr/joueur/662-giorgi-beria/photo/photoFull.746d583d9f8a2aa9c322b15ebadc8acc096151d2,Giorgi Beria,Clermont,CLR,FRONT_ROW,1ère ligne,2021-2022,13,471.0,36.2,13.08,,,0.68,,,,0.0,0.0,,,0.85,,,,,lnr,22.0,175.0,108.0,France,89.28571428571429,86.4,79.8,76.3,0.75,0,0,40,91,55,85,,55.9,↗,5,"[77.7, 30.3, 96.8, 100, 27.6]",100,-0.67,1ère Ligne,1L,75,Haute,False,Moyenne,False,9,88.9,,,,,,,,,,,,0.0
lnr_709,709,george-moala,https://cdn.lnr.fr/joueur/709-george-moala/photo/photoFull.b5e9990d9a31ede8327da9bafe6aeb896ea144f3,George Moala,Clermont,CLR,CENTRE,Centre,2021-2022,13,924.0,71.1,5.28,,,0.09,,,,0.26,0.61,,,3.03,,,,,lnr,31.0,188.0,99.0,Nouvelle Zélande,95.91836734693877,79.2,64.9,61.2,1.0,25,36,97,39,37,91,,7.6,↘,4,"[21.6, 12.4, 9.8, 0]",100,2.0,Centre,CTR,100,Haute,False,Bonne,False,21,26.8,,,,,,,,,,,,0.0
lnr_663,663,alexandre-fischer,https://cdn.lnr.fr/joueur/663-alexandre-fischer/photo/photoFull.1d6a32f7ce4a12d423552fb50b73687ec52ba345,A. Fischer,Clermont,CLR,BACK_ROW,3ème ligne,2021-2022,12,620.0,51.7,11.48,,,0.65,,,,0.0,0.13,,,0.0,,,,,lnr,24.0,188.0,107.0,France,95.91836734693877,85.6,69.4,67.5,1.0,0,13,0,56,50,93,,32.1,↘,5,"[26.2, 59.9, 31.4, 52.3, 21.6]",100,0.5,3ème Ligne,3L,100,Haute,False,Moyenne,False,18,43.3,,,,,,,,,,,,0.0
lnr_693,693,jacobus-van-tonder,https://cdn.lnr.fr/joueur/693-jacobus-van-tonder/photo/photoFull.746d583d9f8a2aa9c322b15ebadc8acc096151d2,J. Van Tonder,Clermont,CLR,LOCK,2ème ligne,2021-2022,12,625.0,52.1,8.45,,,0.26,,,,0.0,0.0,,,1.28,,,,,lnr,24.0,197.0,118.0,Afrique du Sud,100.0,94.39999999999999,66.3,66.6,1.0,0,0,100,37,41,98,,45.3,↘,5,"[80.0, 77.2, 51.7, 43.9, 43.5]",100,0.5,2ème Ligne,2L,100,Haute,False,Moyenne,False,17,51.5,,,,,,,,,,,,0.0
lnr_1132,1132,thomas-roziere,https://cdn.lnr.fr/joueur/1132-thomas-roziere/photo/photoFull.d303b4e754d5628447799261cf17492ebc23d137,Thomas Roziere,Clermont,CLR,FULLBACK,Arrière,2021-2022,11,481.0,43.7,2.33,,,0.0,,,,0.67,0.0,,,2.49,,,,,lnr,,,,,0.0,0.0,56.1,59.5,0.75,29,0,38,40,30,0,2.49,50.0,→,0,[],100,0.0,Arrière,ARR,75,Haute,False,Moyenne,False,8,30.0,,,,,,,,,,,,0.0
lnr_708,708,daniel-bibi-biziwu,https://cdn.lnr.fr/joueur/708-daniel-bibi-biziwu/photo/photoFull.b948a9307d0771aeee5c40d614c45938eb2eb700,D. Bibi Biziwu,Clermont,CLR,FRONT_ROW,1ère ligne,2021-2022,9,286.0,31.8,7.55,,,0.0,,,,0.28,0.0,,,0.0,,,,,lnr,20.0,183.0,119.0,France,93.36734693877551,95.19999999999999,62.7,64.2,0.6,75,0,0,32,30,92,,36.0,↘,5,"[29.8, 65.3, 12.9, 72.6, 26.8]",100,-1.25,1ère Ligne,1L,60,Moyenne,True,Basse,False,57,22.2,,,,,,,,,,,,0.0
lnr_11098,11098,benjamin-boudou,https://cdn.lnr.fr/joueur/11098-benjamin-boudou/photo/photoFull.5130516f3d5f5fbc23b3eaab6efe1a2b3082c3df,B. Boudou,Clermont,CLR,FRONT_ROW,1ère ligne,2021-2022,8,85.0,10.6,11.29,,,0.0,,,,0.0,0.0,,,0.0,,,,,lnr,,,,,0.0,0.0,56.7,63.3,0.5,0,0,0,72,30,0,,50.0,→,0,[],100,0.0,1ère Ligne,1L,50,Basse,True,Basse,True,59,19.4,,,,,,,,,,,,0.0
lnr_311,311,sipili-falatea,https://cdn.lnr.fr/joueur/311-sipili-falatea/photo/photoFull.9db3e1c64b0fa647759e691550b9e8351884f243,Sipili Falatea,Clermont,CLR,FRONT_ROW,1ère ligne,2021-2022,8,267.0,33.4,7.49,,,0.9,,,,0.0,0.9,,,0.0,,,,,lnr,24.0,183.0,115.0,France,93.36734693877551,92.0,76.8,72.7,0.6,0,86,0,31,64,90,,43.3,↗,5,"[36.2, 62.1, 91.1, 27.3, 44.7]",100,0.5,1ère Ligne,1L,60,Moyenne,True,Basse,False,19,75.0,68.6,France,11,cluster_1,71.7,70.1,50.0,85.1,61.6,69.2,81.5,0.0
lnr_1558,1558,gabin-michet,https://cdn.lnr.fr/joueur/1558-gabin-michet/photo/photoFull.1f75a2a9ddd89799fc877d5c192b6ffeb86f7691,Gabin Michet,Clermont,CLR,FLY_HALF,Demi d'ouverture,2021-2022,7,189.0,27.0,4.23,,,0.0,,,,0.0,0.0,,,1.27,,,,,lnr,,,,,0.0,0.0,47.8,56.7,0.6,0,0,11,38,30,0,1.27,50.0,→,0,[],100,0.0,Ouvreur,10,60,Moyenne,True,Basse,False,13,14.3,,,,,,,,,,,,0.0
lnr_679,679,peceli-yato,https://cdn.lnr.fr/joueur/679-peceli-yato/photo/photoFull.746d583d9f8a2aa9c322b15ebadc8acc096151d2,Peceli Yato,Clermont,CLR,BACK_ROW,3ème ligne,2021-2022,6,276.0,46.0,5.51,,,0.87,,,,0.29,0.87,,,1.45,,,,,lnr,29.0,196.0,105.0,Fidji,100.0,84.0,73.5,72.5,0.6,64,87,100,0,57,93,,43.8,↘,5,"[36.3, 36.3, 63.1, 44.8, 56.7]",100,2.96,3ème Ligne,3L,60,Moyenne,True,Basse,False,5,86.7,,,,,,,,,,,,0.0
lnr_11554,11554,killian-tixeront,https://cdn.lnr.fr/joueur/11554-killian-tixeront/photo/photoFull.b5e9990d9a31ede8327da9bafe6aeb896ea144f3,Killian Tixeront,Clermont,CLR,BACK_ROW,3ème ligne,2021-2022,4,222.0,55.5,11.89,,,0.36,,,,0.0,0.0,,,0.0,,,,,lnr,20.0,196.0,107.0,France,100.0,85.6,63.3,65.5,0.6,0,0,0,60,41,94,,44.1,↘,5,"[46.7, 100, 55.7, 64.2, 15.8]",100,-1.25,3ème Ligne,3L,60,Moyenne,True,Basse,True,21,33.3,,,,,,,,,,,,0.0
lnr_660,660,samuel-ezeala,https://cdn.lnr.fr/joueur/660-samuel-ezeala/photo/photoFull.af05d90330b88b7be458e288b68ca734babbf81c,Samuel Ezeala,Clermont,CLR,CENTRE,Centre,2021-2022,2,105.0,52.5,5.33,,,0.0,,,,0.0,0.0,,,0.0,,,,,lnr,22.0,187.0,99.0,Espagne,95.40816326530613,79.2,52.6,61.2,0.5,0,0,0,40,30,91,,38.5,↗,5,"[9.2, 67.4, 18.2, 81.7, 30.8]",100,-0.67,Centre,CTR,50,Basse,True,Basse,True,21,26.8,,,,,,,,,,,,0.0
lnr_585,585,levan-chilachava,https://cdn.lnr.fr/joueur/585-levan-chilachava/photo/photoFull.bf7e6b3668f1d7c40821cbfca4c5f267bcf81dfe,L. Chilachava,Castres,CAS,FRONT_ROW,1ère ligne,2021-2022,24,536.0,22.3,3.88,,,0.75,,,,0.0,0.0,,,1.49,,,,,lnr,30.0,188.0,133.0,Géorgie,95.91836734693877,100.0,67.5,69.0,0.75,0,0,70,0,58,100,,22.7,↘,5,"[64.3, 34.7, 17.0, 0, 36.2]",100,2.61,1ère Ligne,1L,75,Haute,False,Moyenne,False,50,31.9,79.5,GEORG,27,cluster_0,56.0,50.2,50.0,95.2,85.8,62.3,92.2,0.44999999999999996
lnr_616,616,wayan-de-benedittis,https://cdn.lnr.fr/joueur/616-wayan-de-benedittis/photo/photoFull.55223152d2bdf719adae33c3f4ef18c348eed132,W. De Benedittis,Castres,CAS,FRONT_ROW,1ère ligne,2021-2022,23,818.0,35.6,7.04,,,0.0,,,,0.1,0.39,,,0.0,,,,,lnr,,,,,0.0,0.0,50.1,50.1,1.0,27,37,0,27,30,0,,50.0,→,0,[],100,0.0,1ère Ligne,1L,100,Haute,False,Bonne,False,72,1.4,,,,,,,,,,,,0.0
lnr_611,611,jeremy-fernandez,https://cdn.lnr.fr/joueur/611-jeremy-fernandez/photo/photoFull.50e0d211418fb8267083232d5e5561b6e88fe79f,J. Fernandez,Castres,CAS,SCRUM_HALF,Demi de mêlée,2021-2022,23,841.0,36.6,6.37,,,0.57,,,,0.38,0.76,,,0.76,,,,,lnr,24.0,176.0,90.0,France,89.79591836734694,72.0,82.1,77.4,1.0,73,61,9,56,70,94,0.76,30.2,↘,5,"[45.0, 21.1, 37.3, 41.2, 28.7]",100,0.5,Demi de mêlée,9,100,Haute,False,Bonne,False,3,90.0,,,,,,,,,,,,0.0
lnr_606,606,baptiste-delaporte,https://cdn.lnr.fr/joueur/606-baptiste-delaporte/photo/photoFull.50e0d211418fb8267083232d5e5561b6e88fe79f,B. Delaporte,Castres,CAS,BACK_ROW,3ème ligne,2021-2022,20,947.0,47.4,10.9,,,0.34,,,,0.0,0.59,,,0.0,,,,,lnr,25.0,190.0,110.0,France,96.93877551020408,88.0,69.0,68.7,1.0,0,59,0,49,41,95,,44.0,↘,5,"[48.4, 82.5, 59.6, 35.1, 47.0]",100,1.26,3ème Ligne,3L,100,Haute,False,Bonne,False,14,55.0,,,,,,,,,,,,0.0
lnr_592,592,quentin-walcker,https://cdn.lnr.fr/joueur/592-quentin-walcker/photo/photoFull.50e0d211418fb8267083232d5e5561b6e88fe79f,Quentin Walcker,Castres,CAS,FRONT_ROW,1ère ligne,2021-2022,20,866.0,43.3,8.68,,,0.18,,,,0.0,0.09,,,0.0,,,,,lnr,26.0,181.0,109.0,France,92.3469387755102,87.2,67.6,67.4,1.0,0,9,0,44,37,86,,40.7,↗,5,"[27.0, 26.0, 62.6, 46.9, 50.8]",100,2.0,1ère Ligne,1L,100,Haute,False,Bonne,False,44,40.3,,,,,,,,,,,,0.0
lnr_555,555,santiago-arata-perrone,https://cdn.lnr.fr/joueur/555-santiago-arata-perrone/photo/photoFull.bf7e6b3668f1d7c40821cbfca4c5f267bcf81dfe,S. Arata Perrone,Castres,CAS,SCRUM_HALF,Demi de mêlée,2021-2022,19,808.0,42.5,7.72,,,0.3,,,,0.5,0.69,,,1.49,,,,,lnr,25.0,174.0,75.0,Italie,88.77551020408163,60.0,84.0,78.5,1.0,96,53,17,86,67,85,1.49,25.7,↘,5,"[8.7, 73.4, 46.0, 18.0, 16.2]",100,1.26,Demi de mêlée,9,100,Haute,False,Bonne,False,1,100.0,60.2,URUG,32,cluster_0,50.0,50.0,50.0,77.0,100.0,56.6,88.8,0.0
lnr_599,599,mathieu-babillot,https://cdn.lnr.fr/joueur/599-mathieu-babillot/photo/photoFull.50e0d211418fb8267083232d5e5561b6e88fe79f,Mathieu Babillot,Castres,CAS,BACK_ROW,3ème ligne,2021-2022,15,934.0,62.3,7.71,,,1.03,,,,0.17,0.26,,,0.0,,,,,lnr,28.0,190.0,110.0,France,96.93877551020408,88.0,72.3,71.5,1.0,38,26,0,14,62,95,,42.2,→,5,"[26.0, 55.7, 47.8, 45.0, 54.6]",100,2.96,3ème Ligne,3L,100,Haute,False,Bonne,False,8,76.7,71.7,France,7,cluster_1,73.2,54.6,50.0,93.4,80.3,58.3,92.4,0.0
lnr_550,550,tyler-ardron,https://cdn.lnr.fr/joueur/550-tyler-ardron/photo/photoFull.bf7e6b3668f1d7c40821cbfca4c5f267bcf81dfe,Tyler Ardron,Castres,CAS,LOCK,2ème ligne,2021-2022,12,990.0,82.5,5.82,,,0.48,,,,0.24,0.0,,,0.4,,,,,lnr,30.0,197.0,108.0,Canada,100.0,86.4,65.6,67.5,1.0,69,0,33,5,51,97,,53.8,↗,5,"[54.3, 45.8, 34.5, 100, 51.0]",100,2.61,2ème Ligne,2L,100,Haute,False,Bonne,False,15,58.8,,,,,,,,,,,,0.0
lnr_593,593,antoine-tichit,https://cdn.lnr.fr/joueur/593-antoine-tichit/photo/photoFull.50e0d211418fb8267083232d5e5561b6e88fe79f,Antoine Tichit,Castres,CAS,FRONT_ROW,1ère ligne,2021-2022,12,532.0,44.3,6.17,,,0.15,,,,0.0,0.0,,,0.3,,,,,lnr,32.0,187.0,115.0,France,95.40816326530613,92.0,61.1,62.4,0.75,0,0,14,17,36,90,,27.3,↗,5,"[26.0, 12.9, 0, 19.4, 62.1]",100,1.26,1ère Ligne,1L,75,Haute,False,Moyenne,False,60,18.1,,,,,,,,,,,,0.0
lnr_808,808,benjamin-botica,https://cdn.lnr.fr/joueur/808-benjamin-botica/photo/photoFull.8a8276a94cfaec44d9ad851c959e24101861b746,B. Botica,Castres,CAS,FLY_HALF,Demi d'ouverture,2021-2022,9,629.0,69.9,3.43,,,0.0,,,,0.38,0.64,,,8.14,,,,,lnr,,,,,0.0,0.0,61.6,61.6,1.0,40,37,73,24,30,0,8.14,50.0,→,0,[],100,0.0,Ouvreur,10,100,Haute,False,Moyenne,False,7,57.1,,,,,,,,,,,,0.0
lnr_533,533,simon-meka,https://cdn.lnr.fr/joueur/533-simon-meka/photo/photoFull.50e0d211418fb8267083232d5e5561b6e88fe79f,Simon Meka,Castres,CAS,LOCK,2ème ligne,2021-2022,3,125.0,41.7,17.28,,,0.0,,,,0.0,0.64,,,0.0,,,,,lnr,22.0,193.0,110.0,France,98.46938775510205,88.0,79.2,74.2,0.5,0,46,0,100,30,96,,57.3,→,3,"[51.0, 36.7, 96.2]",100,-0.67,2ème Ligne,2L,50,Basse,True,Basse,True,4,91.2,,,,,,,,,,,,0.0
lnr_626,626,thomas-larregain,https://cdn.lnr.fr/joueur/626-thomas-larregain/photo/photoFull.28a7076c5091624b9d043c9f795307457230f77f,Thomas Larregain,Castres,CAS,FULLBACK,Arrière,2021-2022,2,44.0,22.0,0.0,,,0.0,,,,1.82,1.82,,,5.45,,,,,lnr,24.0,184.0,93.0,France,93.87755102040816,74.4,78.9,69.2,0.5,100,100,84,0,30,94,5.45,11.5,→,3,"[19.5, 20.3, 0.3]",100,0.5,Arrière,ARR,50,Basse,True,Basse,True,3,80.0,,,,,,,,,,,,0.0
lnr_553,553,louis-le-brun,https://cdn.lnr.fr/joueur/553-louis-le-brun/photo/photoFull.bf7e6b3668f1d7c40821cbfca4c5f267bcf81dfe,Louis Le Brun,Castres,CAS,FLY_HALF,Demi d'ouverture,2021-2022,1,80.0,80.0,2.0,,,0.0,,,,0.0,2.0,,,0.0,,,,,lnr,20.0,188.0,100.0,France,95.91836734693877,80.0,61.4,61.3,0.5,0,100,0,1,30,97,0.0,12.3,→,3,"[19.0, 0, 17.0]",100,-1.25,Ouvreur,10,50,Basse,True,Basse,True,9,42.9,,,,,,,,,,,,0.0
lnr_1084,1084,guillaume-marchand,https://cdn.lnr.fr/joueur/1084-guillaume-marchand/photo/photoFull.8e39a4ffde2d58962f9632bb5639326c8c077ac5,G. Marchand,Lyon,LOU,FRONT_ROW,1ère ligne,2021-2022,19,887.0,46.7,10.28,,,0.54,,,,0.09,0.27,,,0.0,,,,,lnr,23.0,183.0,105.0,France,93.36734693877551,84.0,74.3,74.2,1.0,24,26,0,61,50,84,,52.6,↘,5,"[83.8, 81.0, 38.2, 52.4, 66.6]",100,-0.16,1ère Ligne,1L,100,Haute,False,Bonne,False,16,79.2,80.2,France,28,cluster_1,97.3,91.7,50.0,90.1,57.0,70.1,89.4,0.5200000000000002
lnr_1083,1083,jerome-rey,https://cdn.lnr.fr/joueur/1083-jerome-rey/photo/photoFull.8e39a4ffde2d58962f9632bb5639326c8c077ac5,J. Rey,Lyon,LOU,FRONT_ROW,1ère ligne,2021-2022,19,869.0,45.7,10.22,,,0.0,,,,0.0,0.09,,,0.46,,,,,lnr,26.0,181.0,133.0,France,92.3469387755102,100.0,71.8,74.9,1.0,0,9,22,61,30,99,,75.3,↗,5,"[100, 67.3, 100, 100, 55.7]",100,2.0,1ère Ligne,1L,100,Haute,False,Bonne,False,11,86.1,,,,,,,,,,,,0.0
lnr_1100,1100,sebastien-taofifenua,https://cdn.lnr.fr/joueur/1100-sebastien-taofifenua/photo/photoFull.6fc701688372b38c2cd93e972d93fc323ab7f457,S. Taofifenua,Lyon,LOU,FRONT_ROW,1ère ligne,2021-2022,17,657.0,38.6,8.28,,,0.0,,,,0.24,0.37,,,0.0,,,,,lnr,,,,,0.0,0.0,53.9,53.9,1.0,64,36,0,40,30,0,,50.0,→,0,[],100,0.0,1ère Ligne,1L,100,Haute,False,Moyenne,False,70,4.2,,,,,,,,,,,,0.0
lnr_1106,1106,baptiste-couilloud,https://cdn.lnr.fr/joueur/1106-baptiste-couilloud/photo/photoFull.8e39a4ffde2d58962f9632bb5639326c8c077ac5,B. Couilloud,Lyon,LOU,SCRUM_HALF,Demi de mêlée,2021-2022,16,905.0,56.6,5.66,,,0.0,,,,0.97,1.41,,,4.86,,,,,lnr,24.0,176.0,82.0,France,89.79591836734694,65.60000000000001,78.6,74.8,1.0,100,100,57,40,30,90,4.86,31.1,→,5,"[19.7, 49.5, 14.4, 21.6, 53.0]",100,0.5,Demi de mêlée,9,100,Haute,False,Bonne,False,5,80.0,75.9,France,14,cluster_1,68.6,67.8,50.0,95.3,89.1,66.7,93.0,0.09000000000000057
lnr_1079,1079,demba-bamba,https://cdn.lnr.fr/joueur/1079-demba-bamba/photo/photoFull.8b942e992ebb42fdd1ca819c8cb833427c776cef,Demba Bamba,Lyon,LOU,FRONT_ROW,1ère ligne,2021-2022,15,859.0,57.3,7.73,,,0.19,,,,0.28,0.56,,,0.93,,,,,lnr,24.0,185.0,125.0,France,94.38775510204081,100.0,70.8,72.0,1.0,75,54,43,34,37,96,,60.5,↗,5,"[52.9, 65.6, 79.4, 64.2, 77.9]",100,0.5,1ère Ligne,1L,100,Haute,False,Bonne,False,21,72.2,73.9,France,25,cluster_1,100.0,78.2,50.0,85.5,58.7,81.7,88.4,0.0
lnr_1093,1093,romain-taofifenua,https://cdn.lnr.fr/joueur/1093-romain-taofifenua/photo/photoFull.8b942e992ebb42fdd1ca819c8cb833427c776cef,R. Taofifenua,Lyon,LOU,LOCK,2ème ligne,2021-2022,15,948.0,63.2,5.57,,,0.34,,,,0.08,1.35,,,0.0,,,,,lnr,31.0,,138.0,France,0.0,100.0,54.9,56.0,1.0,23,96,0,2,45,15,,30.6,→,5,"[36.8, 36.2, 20.3, 23.1, 47.8]",100,2.0,2ème Ligne,2L,100,Haute,False,Bonne,False,33,5.9,73.1,France,35,cluster_1,66.2,74.1,50.0,90.6,69.4,62.7,85.2,0.0
lnr_2460,2460,pierre-louis-barassi,https://cdn.lnr.fr/joueur/2460-pierre-louis-barassi/photo/photoFull.a2503fca1a2646233602741328f9c3f7893fa1e1,P. Barassi,Lyon,LOU,CENTRE,Centre,2021-2022,14,822.0,58.7,5.26,,,0.19,,,,0.58,1.07,,,1.46,,,,,lnr,23.0,187.0,99.0,France,95.40816326530613,79.2,72.4,69.4,1.0,56,64,47,39,45,91,,29.0,↗,5,"[0, 22.5, 16.4, 50.1, 40.3]",100,-0.16,Centre,CTR,100,Haute,False,Bonne,False,7,78.6,,,,,,,,,,,,0.0
lnr_1034,1034,davit-niniashvili,https://cdn.lnr.fr/joueur/1034-davit-niniashvili/photo/photoFull.7cb6d3e8fb1a9ef473f9440830017cd30be5f626,D. Niniashvili,Lyon,LOU,FULLBACK,Arrière,2021-2022,14,652.0,46.6,4.17,,,0.37,,,,0.74,0.86,,,1.23,,,,,lnr,,,,,0.0,0.0,66.9,65.7,1.0,34,57,19,86,52,0,1.23,28.0,→,5,"[10.5, 38.6, 55.0, 26.8, 24.9]",100,0.0,Arrière,ARR,100,Haute,False,Moyenne,False,4,70.0,83.0,GEORG,20,cluster_0,92.7,90.4,51.1,90.3,71.1,93.4,79.6,0.8
lnr_1125,1125,ethan-dumortier,https://cdn.lnr.fr/joueur/1125-ethan-dumortier/photo/photoFull.eff1aa9b4a9f2b351be13ae3eed38b31d19c422e,Ethan Dumortier,Lyon,LOU,CENTRE,Centre,2021-2022,13,791.0,60.8,2.73,,,0.1,,,,0.51,0.4,,,1.01,,,,,lnr,21.0,191.0,93.0,France,97.44897959183673,74.4,59.2,58.4,1.0,49,24,32,0,38,87,,26.8,→,5,"[12.9, 39.9, 37.6, 24.9, 29.8]",100,-1.03,Centre,CTR,100,Haute,False,Moyenne,False,27,7.1,,,,,,,,,,,,0.0
lnr_1915,1915,clement-laporte,https://cdn.lnr.fr/joueur/1915-clement-laporte/photo/photoFull.bf4a801945c52387138b3325d9dd3bcf510292ab,C. Laporte,Lyon,LOU,FULLBACK,Arrière,2021-2022,13,717.0,55.2,3.12,,,0.0,,,,0.33,1.12,,,1.12,,,,,lnr,,,,,0.0,0.0,59.1,59.1,1.0,4,74,17,59,30,0,1.12,50.0,→,0,[],100,0.0,Arrière,ARR,100,Haute,False,Moyenne,False,9,20.0,,,,,,,,,,,,0.0
lnr_1127,1127,beka-saginadze,https://cdn.lnr.fr/joueur/1127-beka-saginadze/photo/photoFull.eff1aa9b4a9f2b351be13ae3eed38b31d19c422e,Beka Saginadze,Lyon,LOU,LOCK,2ème ligne,2021-2022,13,748.0,57.5,13.16,,,0.21,,,,0.0,0.32,,,1.07,,,,,lnr,23.0,191.0,110.0,Géorgie,97.44897959183673,88.0,79.7,75.5,1.0,0,23,88,95,39,95,,31.5,↘,5,"[17.0, 62.8, 18.8, 5.9, 59.6]",100,-0.16,2ème Ligne,2L,100,Haute,False,Moyenne,False,1,100.0,70.9,GEORG,30,cluster_0,50.0,50.0,50.0,68.5,100.0,53.0,85.9,0.0
lnr_1103,1103,patrick-sobela,https://cdn.lnr.fr/joueur/1103-patrick-sobela/photo/photoFull.746d583d9f8a2aa9c322b15ebadc8acc096151d2,Patrick Sobela,Lyon,LOU,BACK_ROW,3ème ligne,2021-2022,13,772.0,59.4,8.6,,,1.35,,,,0.0,0.83,,,0.52,,,,,lnr,,,,,0.0,0.0,72.8,72.8,1.0,0,83,37,24,70,0,,50.0,→,0,[],100,0.0,3ème Ligne,3L,100,Haute,False,Moyenne,False,4,90.0,,,,,,,,,,,,0.0
lnr_1082,1082,vivien-devisme,https://cdn.lnr.fr/joueur/1082-vivien-devisme/photo/photoFull.8a8276a94cfaec44d9ad851c959e24101861b746,Vivien Devisme,Lyon,LOU,FRONT_ROW,1ère ligne,2021-2022,12,387.0,32.2,10.75,,,0.0,,,,0.0,0.0,,,0.0,,,,,lnr,,,,,0.0,0.0,55.4,59.1,0.75,0,0,0,66,30,0,,50.0,→,0,[],100,0.0,1ère Ligne,1L,75,Haute,False,Basse,False,63,13.9,,,,,,,,,,,,0.0
lnr_1118,1118,yanis-charcosset,https://cdn.lnr.fr/joueur/1118-yanis-charcosset/photo/photoFull.5130516f3d5f5fbc23b3eaab6efe1a2b3082c3df,Y. Charcosset,Lyon,LOU,FRONT_ROW,1ère ligne,2021-2022,11,212.0,19.3,18.49,,,0.38,,,,0.38,0.0,,,5.66,,,,,lnr,,,,,0.0,0.0,69.7,69.8,0.6,100,0,100,100,44,0,,50.0,→,0,[],100,0.0,1ère Ligne,1L,60,Moyenne,True,Basse,False,31,58.3,,,,,,,,,,,,0.0
lnr_1107,1107,hamza-kaabeche,https://cdn.lnr.fr/joueur/1107-hamza-kaabeche/photo/photoFull.8e39a4ffde2d58962f9632bb5639326c8c077ac5,Hamza Kaabeche,Lyon,LOU,FRONT_ROW,1ère ligne,2021-2022,11,278.0,25.3,5.18,,,0.0,,,,0.0,0.86,,,0.0,,,,,lnr,25.0,189.0,114.0,France,96.42857142857143,91.2,62.0,65.5,0.6,0,83,0,7,30,90,,38.9,→,5,"[24.7, 59.2, 51.8, 27.6, 52.4]",100,1.26,1ère Ligne,1L,60,Moyenne,True,Basse,False,52,27.8,,,,,,,,,,,,0.0
lnr_1105,1105,killian-geraci,https://cdn.lnr.fr/joueur/1105-killian-geraci/photo/photoFull.8e39a4ffde2d58962f9632bb5639326c8c077ac5,Killian Geraci,Lyon,LOU,LOCK,2ème ligne,2021-2022,10,604.0,60.4,7.15,,,0.53,,,,0.0,0.26,,,0.0,,,,,lnr,23.0,,115.0,France,0.0,92.0,54.4,58.6,1.0,0,18,0,21,53,13,,59.7,↘,5,"[58.9, 100, 100, 20.7, 68.7]",100,-0.16,2ème Ligne,2L,100,Haute,False,Moyenne,False,29,17.6,,,,,,,,,,,,0.0
lnr_1123,1123,mickael-guillard,https://cdn.lnr.fr/joueur/1123-mickael-guillard/photo/photoFull.eff1aa9b4a9f2b351be13ae3eed38b31d19c422e,M. Guillard,Lyon,LOU,LOCK,2ème ligne,2021-2022,8,319.0,39.9,10.03,,,0.5,,,,0.0,0.5,,,0.0,,,,,lnr,21.0,197.0,113.0,France,100.0,90.4,74.6,71.7,0.75,0,36,0,57,52,98,,44.3,↘,5,"[100, 32.1, 66.5, 38.6, 39.2]",100,-1.03,2ème Ligne,2L,75,Haute,False,Basse,False,9,76.5,,,,,,,,,,,,0.0
lnr_1075,1075,joel-kpoku,https://cdn.lnr.fr/joueur/1075-joel-kpoku/photo/photoFull.bf4a801945c52387138b3325d9dd3bcf510292ab,Joel Kpoku,Lyon,LOU,LOCK,2ème ligne,2021-2022,6,227.0,37.8,12.69,,,0.0,,,,0.35,0.35,,,0.0,,,,,lnr,22.0,196.0,114.0,Angleterre,100.0,91.2,78.6,75.3,0.6,100,25,0,89,30,97,,62.3,→,3,"[65.3, 32.8, 100]",100,-0.67,2ème Ligne,2L,60,Moyenne,True,Basse,False,3,94.1,,,,,,,,,,,,0.0
lnr_1047,1047,tavite-veredamu,https://cdn.lnr.fr/joueur/1047-tavite-veredamu/photo/photoFull.14f86258177c199d0ec3ee9450197974d20d92b1,Tavite Veredamu,Lyon,LOU,BACK_ROW,3ème ligne,2021-2022,5,302.0,60.4,3.71,,,0.26,,,,1.06,0.0,,,1.32,,,,,lnr,32.0,188.0,108.0,France,95.91836734693877,86.4,56.6,60.1,0.75,100,0,95,0,38,93,,30.3,↗,5,"[39.9, 26.2, 23.8, 52.2, 27.5]",100,1.26,3ème Ligne,3L,75,Haute,False,Basse,False,29,6.7,,,,,,,,,,,,0.0
lnr_1126,1126,alfred-parisien,https://cdn.lnr.fr/joueur/1126-alfred-parisien/photo/photoFull.eff1aa9b4a9f2b351be13ae3eed38b31d19c422e,Alfred Parisien,Lyon,LOU,CENTRE,Centre,2021-2022,3,166.0,55.3,6.27,,,0.0,,,,0.0,0.48,,,0.0,,,,,lnr,21.0,182.0,91.0,France,92.85714285714286,72.8,57.0,59.4,0.6,0,29,0,54,30,85,,18.3,↗,5,"[7.2, 0, 23.6, 22.9, 26.0]",100,-1.03,Centre,CTR,60,Moyenne,True,Basse,True,25,12.5,,,,,,,,,,,,0.0
lnr_1122,1122,theo-william,https://cdn.lnr.fr/joueur/1122-theo-william/photo/photoFull.eff1aa9b4a9f2b351be13ae3eed38b31d19c422e,Theo William,Lyon,LOU,BACK_ROW,3ème ligne,2021-2022,3,85.0,28.3,7.53,,,1.88,,,,0.0,0.0,,,0.0,,,,,lnr,,,,,0.0,0.0,63.2,68.0,0.5,0,0,0,12,70,0,,55.7,↘,5,"[85.2, 59.1, 53.0, 72.6, 62.9]",100,0.0,3ème Ligne,3L,50,Basse,True,Basse,True,16,50.0,,,,,,,,,,,,0.0
lnr_1457,1457,louis-foursans-bourdette,https://cdn.lnr.fr/joueur/1457-louis-foursans-bourdette/photo/photoFull.eb7c8a121d72a5469d4eb6f17a32ea8cc568bf6c,L. Foursans Bourdette,Montpellier,MHR,FLY_HALF,Demi d'ouverture,2021-2022,17,713.0,41.9,9.42,,,0.0,,,,0.22,0.11,,,11.78,,,,,lnr,20.0,170.0,80.0,France,86.73469387755102,64.0,64.1,63.3,1.0,23,6,100,100,30,87,11.78,35.1,→,1,[39.9],100,-1.25,Ouvreur,10,100,Haute,False,Moyenne,False,6,64.3,,,,,,,,,,,,0.0
lnr_1415,1415,pierre-lucas,https://cdn.lnr.fr/joueur/1415-pierre-lucas/photo/photoFull.63f02d5f7b00d1429cb1de8aa98d311d3cf445ea,Pierre Lucas,Montpellier,MHR,CENTRE,Centre,2021-2022,16,611.0,38.2,5.76,,,0.13,,,,0.52,0.26,,,1.31,,,,,lnr,,,,,0.0,0.0,60.3,60.3,1.0,50,16,42,47,40,0,,50.0,→,0,[],100,0.0,Centre,CTR,100,Haute,False,Moyenne,False,24,17.9,,,,,,,,,,,,0.0
lnr_1447,1447,gela-aprasidze,https://cdn.lnr.fr/joueur/1447-gela-aprasidze/photo/photoFull.746d583d9f8a2aa9c322b15ebadc8acc096151d2,Gela Aprasidze,Montpellier,MHR,SCRUM_HALF,Demi de mêlée,2021-2022,15,510.0,34.0,7.37,,,0.31,,,,0.31,0.78,,,4.24,,,,,lnr,24.0,175.0,70.0,Géorgie,89.28571428571429,56.00000000000001,82.7,74.5,0.75,59,63,50,78,68,82,4.24,22.4,↘,5,"[31.3, 6.7, 18.3, 0, 51.8]",100,0.5,Demi de mêlée,9,75,Haute,False,Moyenne,False,6,75.0,66.9,GEORG,45,cluster_0,57.3,70.2,52.6,87.6,91.9,57.6,88.1,0.0
lnr_1433,1433,jeremie-maurouard,https://cdn.lnr.fr/joueur/1433-jeremie-maurouard/photo/photoFull.7260593a1939529b8f58882fcd9327e3deee5c0d,Jeremie Maurouard,Montpellier,MHR,FRONT_ROW,1ère ligne,2021-2022,15,640.0,42.7,11.62,,,0.75,,,,0.25,0.88,,,1.88,,,,,lnr,29.0,180.0,95.0,France,91.83673469387756,76.0,86.6,82.0,1.0,67,85,88,76,58,77,,34.2,↗,5,"[0, 10.8, 57.0, 50.6, 41.8]",100,2.96,1ère Ligne,1L,100,Haute,False,Moyenne,False,1,100.0,,,,,,,,,,,,0.0
lnr_1424,1424,vincent-giudicelli,https://cdn.lnr.fr/joueur/1424-vincent-giudicelli/photo/photoFull.1d6a32f7ce4a12d423552fb50b73687ec52ba345,V. Giudicelli,Montpellier,MHR,FRONT_ROW,1ère ligne,2021-2022,14,444.0,31.7,11.71,,,0.0,,,,0.36,0.54,,,0.0,,,,,lnr,24.0,184.0,102.0,France,93.87755102040816,81.6,75.6,72.4,0.75,96,52,0,77,30,82,,40.4,↘,5,"[100, 27.5, 53.7, 83.9, 9.5]",100,0.5,1ère Ligne,1L,75,Haute,False,Moyenne,False,20,73.6,,,,,,,,,,,,0.0
lnr_1441,1441,marco-tauleigne,https://cdn.lnr.fr/joueur/1441-marco-tauleigne/photo/photoFull.4cb2a4ab19ab443ff7739b68884b2f51b78c1bab,Marco Tauleigne,Montpellier,MHR,BACK_ROW,3ème ligne,2021-2022,13,421.0,32.4,7.6,,,0.76,,,,0.38,0.38,,,2.85,,,,,lnr,28.0,191.0,115.0,France,97.44897959183673,92.0,71.0,69.9,0.75,84,38,100,13,54,98,,33.9,↘,5,"[62.3, 62.1, 9.2, 49.7, 30.8]",100,2.96,3ème Ligne,3L,75,Haute,False,Moyenne,False,10,70.0,,,,,,,,,,,,0.0
lnr_1635,1635,robert-rodgers,https://cdn.lnr.fr/joueur/1635-robert-rodgers/photo/photoFull.91796dce63f27923866cec5e64aa529e672065a5,Robert Rodgers,Montpellier,MHR,FRONT_ROW,1ère ligne,2021-2022,10,115.0,11.5,13.22,,,0.0,,,,0.0,0.0,,,3.48,,,,,lnr,,,,,0.0,0.0,61.0,65.5,0.5,0,0,100,93,30,0,,50.0,→,0,[],100,0.0,1ère Ligne,1L,50,Basse,True,Basse,True,52,27.8,,,,,,,,,,,,0.0
lnr_1901,1901,mickael-capelli,https://cdn.lnr.fr/joueur/1901-mickael-capelli/photo/photoFull.bf4a801945c52387138b3325d9dd3bcf510292ab,Mickael Capelli,Montpellier,MHR,LOCK,2ème ligne,2021-2022,9,335.0,37.2,11.7,,,0.0,,,,0.0,0.24,,,1.19,,,,,lnr,25.0,199.0,129.0,France,100.0,100.0,74.3,74.0,0.75,0,17,97,77,30,100,,57.3,↘,5,"[42.1, 100, 77.6, 59.2, 37.0]",100,1.26,2ème Ligne,2L,75,Haute,False,Basse,False,5,86.8,,,,,,,,,,,,0.0
lnr_1897,1897,yvan-reilhac,https://cdn.lnr.fr/joueur/1897-yvan-reilhac/photo/photoFull.28a7076c5091624b9d043c9f795307457230f77f,Yvan Reilhac,Montpellier,MHR,CENTRE,Centre,2021-2022,8,380.0,47.5,9.68,,,0.0,,,,0.63,0.42,,,0.0,,,,,lnr,26.0,181.0,98.0,France,92.3469387755102,78.4,74.5,69.7,0.75,61,25,0,100,30,89,,18.1,→,2,"[14.4, 22.4]",100,2.0,Centre,CTR,75,Haute,False,Basse,False,6,82.1,,,,,,,,,,,,0.0
lnr_1416,1416,arthur-vincent,https://cdn.lnr.fr/joueur/1416-arthur-vincent/photo/photoFull.4cb2a4ab19ab443ff7739b68884b2f51b78c1bab,Arthur Vincent,Montpellier,MHR,CENTRE,Centre,2021-2022,7,434.0,62.0,6.82,,,0.37,,,,0.74,0.18,,,2.76,,,,,lnr,,,,,0.0,0.0,69.1,66.7,0.75,71,11,89,63,59,0,,26.5,↗,5,"[36.2, 0, 60.1, 19.9, 30.9]",100,0.0,Centre,CTR,75,Haute,False,Moyenne,False,9,71.4,69.6,France,14,cluster_1,78.7,56.5,50.0,91.9,80.4,68.5,98.6,0.0
lnr_1383,1383,tyler-duguid,https://cdn.lnr.fr/joueur/1383-tyler-duguid/photo/photoFull.4cb2a4ab19ab443ff7739b68884b2f51b78c1bab,Tyler Duguid,Montpellier,MHR,LOCK,2ème ligne,2021-2022,4,212.0,53.0,14.34,,,0.0,,,,0.0,0.38,,,0.0,,,,,lnr,,,,,0.0,0.0,67.1,66.6,0.6,0,27,0,100,30,0,,33.4,↘,5,"[71.6, 22.4, 52.2, 8.3, 48.5]",100,0.0,2ème Ligne,2L,60,Moyenne,True,Basse,True,17,51.5,,,,,,,,,,,,0.0
lnr_1351,1351,josua-vici,https://cdn.lnr.fr/joueur/1351-josua-vici/photo/photoFull.28a7076c5091624b9d043c9f795307457230f77f,Josua Vici,Montpellier,MHR,WINGER,Ailier,2021-2022,4,217.0,54.2,5.53,,,1.11,,,,0.74,0.74,,,0.0,,,,,lnr,,,,,0.0,0.0,78.6,70.4,0.6,65,76,0,70,70,0,0.0,18.9,↗,5,"[24.2, 4.6, 26.2, 26.1, 17.0]",100,0.0,Ailier,AIL,60,Moyenne,True,Basse,True,7,64.7,,,,,,,,,,,,0.0
lnr_2266,2266,ru-hann-greyling,https://cdn.lnr.fr/joueur/2266-ru-hann-greyling/photo/photoFull.28a7076c5091624b9d043c9f795307457230f77f,Ru-hann Greyling,Montpellier,MHR,FRONT_ROW,1ère ligne,2021-2022,1,44.0,44.0,23.64,,,0.0,,,,0.0,0.0,,,0.0,,,,,lnr,22.0,181.0,108.0,Afrique du Sud,92.3469387755102,86.4,74.0,70.8,0.5,0,0,0,100,30,85,,46.9,↗,5,"[23.6, 45.4, 31.2, 76.1, 60.9]",100,-0.67,1ère Ligne,1L,50,Basse,True,Basse,True,28,62.5,,,,,,,,,,,,0.0
lnr_1375,1375,karl-anthony-martin,https://cdn.lnr.fr/joueur/1375-karl-anthony-martin/photo/photoFull.4cb2a4ab19ab443ff7739b68884b2f51b78c1bab,K. Martin,Montpellier,MHR,CENTRE,Centre,2021-2022,1,40.0,40.0,10.0,,,0.0,,,,0.0,2.0,,,0.0,,,,,lnr,20.0,189.0,100.0,Irlande,96.42857142857143,80.0,71.3,71.2,0.5,0,100,0,100,30,91,,61.7,→,3,"[23.6, 42.2, 100]",100,-1.25,Centre,CTR,50,Basse,True,Basse,True,5,85.7,,,,,,,,,,,,0.0
lnr_2282,2282,kieran-brookes,https://cdn.lnr.fr/joueur/2282-kieran-brookes/photo/photoFull.14f86258177c199d0ec3ee9450197974d20d92b1,Kieran Brookes,Toulon,TLN,FRONT_ROW,1ère ligne,2021-2022,19,822.0,43.3,5.94,,,0.1,,,,0.0,0.1,,,0.0,,,,,lnr,31.0,187.0,120.0,Grande-Bretagne,95.40816326530613,96.0,61.8,60.9,1.0,0,10,0,15,34,93,,25.9,↘,5,"[56.5, 7.6, 5.9, 26.0, 42.2]",100,2.0,1ère Ligne,1L,100,Haute,False,Bonne,False,62,15.3,,,,,,,,,,,,0.0
lnr_2289,2289,jules-danglot,https://cdn.lnr.fr/joueur/2289-jules-danglot/photo/photoFull.fb26dc620384a6249e4f25079e745b2cf06fe9f6,Jules Danglot,Toulon,TLN,SCRUM_HALF,Demi de mêlée,2021-2022,17,358.0,21.1,6.03,,,0.0,,,,0.22,0.89,,,2.23,,,,,lnr,,,,,0.0,0.0,67.2,67.9,0.75,42,75,26,48,30,0,2.23,50.0,→,0,[],100,0.0,Demi de mêlée,9,75,Haute,False,Basse,False,11,50.0,,,,,,,,,,,,0.0
lnr_2389,2389,bruce-devaux,https://cdn.lnr.fr/joueur/2389-bruce-devaux/photo/photoFull.b817331ae7e7f540e8505004318a8073270e5d10,Bruce Devaux,Toulon,TLN,FRONT_ROW,1ère ligne,2021-2022,17,670.0,39.4,11.22,,,0.0,,,,0.0,0.0,,,0.0,,,,,lnr,25.0,183.0,108.0,France,93.36734693877551,86.4,70.0,69.3,1.0,0,0,0,71,30,85,,42.3,→,5,"[58.3, 58.3, 56.5, 50.0, 38.4]",100,1.26,1ère Ligne,1L,100,Haute,False,Moyenne,False,34,54.2,,,,,,,,,,,,0.0
lnr_2349,2349,emerick-setiano,https://cdn.lnr.fr/joueur/2349-emerick-setiano/photo/photoFull.1d6a32f7ce4a12d423552fb50b73687ec52ba345,Emerick Setiano,Toulon,TLN,FRONT_ROW,1ère ligne,2021-2022,17,341.0,20.1,14.55,,,0.0,,,,0.0,0.0,,,0.0,,,,,lnr,25.0,183.0,115.0,France,93.36734693877551,92.0,76.8,73.8,0.75,0,0,0,100,30,90,,43.5,→,5,"[47.8, 42.2, 2.5, 100, 5.1]",100,1.26,1ère Ligne,1L,75,Haute,False,Basse,False,15,80.6,,,,,,,,,,,,0.0
lnr_2358,2358,jean-baptiste-gros,https://cdn.lnr.fr/joueur/2358-jean-baptiste-gros/photo/photoFull.2eaacbd11c12f10f571df4cbac07c560d1665acd,J. Gros,Toulon,TLN,FRONT_ROW,1ère ligne,2021-2022,14,770.0,55.0,7.69,,,0.1,,,,0.0,0.0,,,0.52,,,,,lnr,22.0,186.0,112.0,France,94.89795918367348,89.60000000000001,61.6,62.0,1.0,0,0,24,33,34,88,,40.3,↘,5,"[63.4, 47.8, 19.9, 19.9, 73.1]",100,-0.67,1ère Ligne,1L,100,Haute,False,Moyenne,False,61,16.7,72.2,France,21,cluster_1,58.0,52.6,50.0,90.2,77.0,50.0,87.9,0.0
lnr_2354,2354,christopher-tolofua,https://cdn.lnr.fr/joueur/2354-christopher-tolofua/photo/photoFull.4cb2a4ab19ab443ff7739b68884b2f51b78c1bab,C. Tolofua,Toulon,TLN,FRONT_ROW,1ère ligne,2021-2022,13,719.0,55.3,7.45,,,0.45,,,,0.0,0.11,,,0.0,,,,,lnr,28.0,182.0,120.0,France,92.85714285714286,96.0,70.2,66.7,1.0,0,11,0,31,47,93,,16.3,↗,5,"[19.2, 8.5, 39.4, 3.5, 17.6]",100,2.96,1ère Ligne,1L,100,Haute,False,Moyenne,False,46,36.1,,,,,,,,,,,,0.0
lnr_575,575,leone-nakarawa,https://cdn.lnr.fr/joueur/575-leone-nakarawa/photo/photoFull.bf7e6b3668f1d7c40821cbfca4c5f267bcf81dfe,Leone Nakarawa,Toulon,TLN,LOCK,2ème ligne,2021-2022,12,743.0,61.9,5.06,,,0.97,,,,0.32,1.51,,,0.54,,,,,lnr,34.0,,115.0,Fidji,0.0,92.0,62.0,63.5,1.0,91,100,44,0,70,13,,42.8,↗,4,"[9.4, 17.5, 79.2, 57.5]",100,-0.16,2ème Ligne,2L,100,Haute,False,Moyenne,False,22,38.2,83.2,FIJI,31,cluster_0,96.4,96.5,50.0,92.4,50.0,91.7,92.5,0.8200000000000003
lnr_11434,11434,lopeti-timani,https://cdn.lnr.fr/joueur/11434-lopeti-timani/photo/photoFull.1f75a2a9ddd89799fc877d5c192b6ffeb86f7691,Lopeti Timani,Toulon,TLN,BACK_ROW,3ème ligne,2021-2022,10,394.0,39.4,10.36,,,1.02,,,,0.0,0.81,,,1.02,,,,,lnr,,,,,0.0,0.0,72.5,71.9,0.75,0,81,73,43,62,0,,50.0,→,0,[],100,0.0,3ème Ligne,3L,75,Haute,False,Basse,False,6,83.3,63.7,Australie,17,cluster_1,50.2,50.0,50.0,79.0,89.0,50.0,61.1,0.0
lnr_2360,2360,gabin-villiere,https://cdn.lnr.fr/joueur/2360-gabin-villiere/photo/photoFull.2eaacbd11c12f10f571df4cbac07c560d1665acd,Gabin Villiere,Toulon,TLN,WINGER,Ailier,2021-2022,10,800.0,80.0,5.2,,,0.9,,,,0.4,0.8,,,1.0,,,,,lnr,26.0,180.0,88.0,France,91.83673469387756,70.39999999999999,76.3,72.0,1.0,35,84,28,64,68,89,1.0,14.9,→,5,"[29.3, 7.9, 17.7, 20.8, 9.2]",100,2.0,Ailier,AIL,100,Haute,False,Bonne,False,5,76.5,83.5,France,12,cluster_1,93.7,76.6,50.0,94.0,78.4,91.6,91.7,0.8500000000000001
lnr_2366,2366,thomas-salles,https://cdn.lnr.fr/joueur/2366-thomas-salles/photo/photoFull.6fc701688372b38c2cd93e972d93fc323ab7f457,Thomas Salles,Toulon,TLN,FLY_HALF,Demi d'ouverture,2021-2022,9,552.0,61.3,5.65,,,0.14,,,,0.43,0.87,,,1.16,,,,,lnr,,,,,0.0,0.0,68.9,69.2,0.75,45,50,10,61,67,0,1.16,50.0,→,0,[],100,0.0,Ouvreur,10,75,Haute,False,Moyenne,False,3,85.7,,,,,,,,,,,,0.0
lnr_2388,2388,adrien-warion,https://cdn.lnr.fr/joueur/2388-adrien-warion/photo/photoFull.b817331ae7e7f540e8505004318a8073270e5d10,Adrien Warion,Toulon,TLN,LOCK,2ème ligne,2021-2022,8,154.0,19.2,11.43,,,0.0,,,,0.0,0.0,,,0.0,,,,,lnr,21.0,,107.0,France,0.0,85.6,58.2,63.9,0.6,0,0,0,74,30,12,,50.9,↗,5,"[81.7, 36.2, 100, 39.9, 54.7]",100,-1.03,2ème Ligne,2L,60,Moyenne,True,Basse,False,21,41.2,,,,,,,,,,,,0.0
lnr_2361,2361,mathieu-smaili,https://cdn.lnr.fr/joueur/2361-mathieu-smaili/photo/photoFull.2eaacbd11c12f10f571df4cbac07c560d1665acd,Mathieu Smaili,Toulon,TLN,CENTRE,Centre,2021-2022,7,210.0,30.0,7.62,,,0.38,,,,0.0,0.0,,,0.0,,,,,lnr,22.0,180.0,92.0,France,91.83673469387756,73.6,63.2,62.6,0.6,0,0,0,75,60,85,,19.1,↗,5,"[24.9, 9.2, 22.9, 21.0, 21.2]",100,-0.67,Centre,CTR,60,Moyenne,True,Basse,False,20,32.1,,,,,,,,,,,,0.0
lnr_2355,2355,charles-ollivon,https://cdn.lnr.fr/joueur/2355-charles-ollivon/photo/photoFull.2eaacbd11c12f10f571df4cbac07c560d1665acd,Charles Ollivon,Toulon,TLN,BACK_ROW,3ème ligne,2021-2022,6,386.0,64.3,12.85,,,0.62,,,,0.0,0.0,,,0.0,,,,,lnr,28.0,199.0,114.0,France,100.0,91.2,73.4,72.2,0.75,0,0,0,71,49,98,,38.3,→,5,"[31.4, 32.7, 31.9, 31.9, 64.8]",100,2.96,3ème Ligne,3L,75,Haute,False,Basse,False,7,80.0,79.3,France,30,cluster_1,93.5,96.5,50.0,91.6,50.0,93.2,89.9,0.4299999999999997
lnr_2290,2290,jules-coulon,https://cdn.lnr.fr/joueur/2290-jules-coulon/photo/photoFull.2eaacbd11c12f10f571df4cbac07c560d1665acd,Jules Coulon,Toulon,TLN,BACK_ROW,3ème ligne,2021-2022,5,97.0,19.4,9.9,,,0.82,,,,0.0,0.82,,,0.0,,,,,lnr,19.0,189.0,104.0,France,96.42857142857143,83.2,72.9,69.5,0.5,0,82,0,38,56,91,,43.4,↗,5,"[20.7, 16.4, 68.7, 36.7, 68.7]",100,-1.38,3ème Ligne,3L,50,Basse,True,Basse,True,12,63.3,,,,,,,,,,,,0.0
lnr_2384,2384,matthias-halagahu,https://cdn.lnr.fr/joueur/2384-matthias-halagahu/photo/photoFull.26dec662e84c737005260a65b33966bd7438db17,M. Halagahu,Toulon,TLN,LOCK,2ème ligne,2021-2022,4,123.0,30.8,7.8,,,0.65,,,,0.0,0.65,,,0.0,,,,,lnr,20.0,194.0,122.0,France,98.9795918367347,97.6,70.3,75.4,0.5,0,46,0,29,58,98,,100.0,→,3,"[100, 100, 90.0]",100,-1.25,2ème Ligne,2L,50,Basse,True,Basse,True,2,97.1,,,,,,,,,,,,0.0
lnr_1988,1988,dorian-laborde,https://cdn.lnr.fr/joueur/1988-dorian-laborde/photo/photoFull.df70eb994b7734bdf40e01b850e18c98079124f9,Dorian Laborde,Toulon,TLN,WINGER,Ailier,2021-2022,4,488.0,120.0,5.9,,,0.16,,,,0.33,0.82,,,0.82,,,,,lnr,,,,,0.0,0.0,66.3,67.3,0.75,29,87,23,76,37,0,0.82,50.0,→,0,[],100,0.0,Ailier,AIL,75,Haute,False,Moyenne,True,9,52.9,,,,,,,,,,,,0.0
lnr_2383,2383,matteo-le-corvec,https://cdn.lnr.fr/joueur/2383-matteo-le-corvec/photo/photoFull.b817331ae7e7f540e8505004318a8073270e5d10,Mattéo Le Corvec,Toulon,TLN,BACK_ROW,3ème ligne,2021-2022,2,44.0,22.0,20.0,,,0.0,,,,0.0,0.0,,,0.0,,,,,lnr,21.0,192.0,111.0,France,97.95918367346938,88.8,65.8,66.3,0.5,0,0,0,100,30,96,,38.4,↘,5,"[59.2, 72.5, 46.9, 9.4, 53.3]",100,-1.03,3ème Ligne,3L,50,Basse,True,Basse,True,19,40.0,,,,,,,,,,,,0.0
lnr_2381,2381,rayan-rebbadj,https://cdn.lnr.fr/joueur/2381-rayan-rebbadj/photo/photoFull.26dec662e84c737005260a65b33966bd7438db17,Rayan Rebbadj,Toulon,TLN,CENTRE,Centre,2021-2022,2,158.0,79.0,5.06,,,0.51,,,,0.0,0.51,,,0.0,,,,,lnr,22.0,190.0,93.0,France,96.93877551020408,74.4,64.4,63.6,0.6,0,30,0,36,70,87,,22.6,↘,4,"[36.8, 5.9, 0, 47.1]",100,-0.67,Centre,CTR,60,Moyenne,True,Basse,True,17,42.9,,,,,,,,,,,,0.0
lnr_86,86,sonatane-takulua,https://cdn.lnr.fr/joueur/86-sonatane-takulua/photo/photoFull.1f75a2a9ddd89799fc877d5c192b6ffeb86f7691,S. Takulua,Toulon,TLN,SCRUM_HALF,Demi de mêlée,2021-2022,2,42.0,21.0,3.81,,,0.0,,,,0.0,0.0,,,0.0,,,,,lnr,,,,,0.0,0.0,44.5,76.0,0.5,0,0,0,0,30,0,0.0,50.0,→,0,[],100,0.0,Demi de mêlée,9,50,Basse,True,Basse,True,19,10.0,85.6,TONGA,31,cluster_0,81.9,92.2,92.0,86.9,71.3,81.9,91.9,1.0599999999999994
lnr_2373,2373,teddy-baubigny,https://cdn.lnr.fr/joueur/2373-teddy-baubigny/photo/photoFull.2eaacbd11c12f10f571df4cbac07c560d1665acd,Teddy Baubigny,Racing 92,R92,FRONT_ROW,1ère ligne,2021-2022,24,971.0,40.5,8.98,,,0.33,,,,0.08,0.16,,,0.41,,,,,lnr,23.0,184.0,118.0,France,93.87755102040816,94.39999999999999,69.8,69.1,1.0,21,15,19,47,42,92,,43.9,↗,5,"[40.4, 40.4, 37.7, 59.7, 56.5]",100,-0.16,1ère Ligne,1L,100,Haute,False,Bonne,False,35,52.8,,,,,,,,,,,,0.0
lnr_2175,2175,hassane-kolingar,https://cdn.lnr.fr/joueur/2175-hassane-kolingar/photo/photoFull.d27019f52768bff9ad76599574dced3c5044bc4f,Hassane Kolingar,Racing 92,R92,FRONT_ROW,1ère ligne,2021-2022,24,962.0,40.1,9.15,,,0.33,,,,0.0,0.17,,,0.42,,,,,lnr,24.0,184.0,115.0,France,93.87755102040816,92.0,70.0,74.3,1.0,0,16,20,49,42,90,,85.1,↗,5,"[100, 44.3, 92.5, 68.7, 100]",100,0.5,1ère Ligne,1L,100,Haute,False,Bonne,False,14,81.9,,,,,,,,,,,,0.0
lnr_2640,2640,maxime-machenaud,https://cdn.lnr.fr/joueur/2640-maxime-machenaud/photo/photoFull.1d6a32f7ce4a12d423552fb50b73687ec52ba345,Maxime Machenaud,Racing 92,R92,SCRUM_HALF,Demi de mêlée,2021-2022,22,999.0,45.4,6.25,,,0.16,,,,0.08,0.24,,,13.21,,,,,lnr,33.0,174.0,87.0,France,88.77551020408163,69.6,61.4,60.8,1.0,15,1,100,53,50,93,13.21,26.5,↘,4,"[41.7, 15.1, 0, 55.9]",100,0.5,Demi de mêlée,9,100,Haute,False,Bonne,False,18,15.0,79.2,France,21,cluster_1,64.6,80.9,72.4,88.3,82.8,62.7,93.0,0.4200000000000003
lnr_2165,2165,camille-chat,https://cdn.lnr.fr/joueur/2165-camille-chat/photo/photoFull.8e39a4ffde2d58962f9632bb5639326c8c077ac5,Camille Chat,Racing 92,R92,FRONT_ROW,1ère ligne,2021-2022,19,910.0,47.9,8.97,,,0.79,,,,0.18,0.53,,,2.2,,,,,lnr,26.0,178.0,101.0,France,90.81632653061224,80.80000000000001,78.1,77.1,1.0,48,51,100,47,59,81,,52.1,→,5,"[29.5, 67.0, 50.4, 32.8, 90.5]",100,2.0,1ère Ligne,1L,100,Haute,False,Bonne,False,6,93.1,72.4,France,37,cluster_1,80.0,65.3,50.0,91.8,65.2,64.4,91.6,0.0
lnr_2190,2190,guram-gogichashvili,https://cdn.lnr.fr/joueur/2190-guram-gogichashvili/photo/photoFull.d27019f52768bff9ad76599574dced3c5044bc4f,G. Gogichashvili,Racing 92,R92,FRONT_ROW,1ère ligne,2021-2022,17,695.0,40.9,9.78,,,0.23,,,,0.0,0.0,,,0.0,,,,,lnr,23.0,183.0,118.0,Géorgie,93.36734693877551,94.39999999999999,68.9,68.8,1.0,0,0,0,56,39,92,,47.7,↗,5,"[52.3, 41.2, 79.4, 39.4, 60.1]",100,-0.16,1ère Ligne,1L,100,Haute,False,Moyenne,False,36,50.7,73.3,GEORG,36,cluster_0,59.3,50.2,50.0,89.0,78.6,53.9,85.0,0.0
lnr_2167,2167,olivier-klemenczak,https://cdn.lnr.fr/joueur/2167-olivier-klemenczak/photo/photoFull.bf4a801945c52387138b3325d9dd3bcf510292ab,O. Klemenczak,Racing 92,R92,CENTRE,Centre,2021-2022,17,938.0,55.2,6.14,,,0.0,,,,0.6,0.94,,,1.28,,,,,lnr,,,,,0.0,0.0,64.7,63.8,1.0,58,56,41,52,30,0,,34.0,→,1,[38.6],100,0.0,Centre,CTR,100,Haute,False,Bonne,False,15,50.0,,,,,,,,,,,,0.0
lnr_2162,2162,cedate-gomes-sa,https://cdn.lnr.fr/joueur/2162-cedate-gomes-sa/photo/photoFull.8e39a4ffde2d58962f9632bb5639326c8c077ac5,Cedate Gomes Sa,Racing 92,R92,FRONT_ROW,1ère ligne,2021-2022,16,598.0,37.4,4.82,,,0.13,,,,0.0,0.0,,,2.01,,,,,lnr,28.0,185.0,113.0,France,94.38775510204081,90.4,59.3,67.3,0.75,0,0,94,3,35,89,,66.6,→,5,"[100, 53.2, 47.8, 30.3, 100]",100,2.96,1ère Ligne,1L,75,Haute,False,Moyenne,False,45,38.9,77.7,France,12,cluster_1,63.9,56.4,50.0,90.7,83.7,62.8,88.2,0.2700000000000003
lnr_2195,2195,anthime-hemery,https://cdn.lnr.fr/joueur/2195-anthime-hemery/photo/photoFull.b5e9990d9a31ede8327da9bafe6aeb896ea144f3,Anthime Hemery,Racing 92,R92,BACK_ROW,3ème ligne,2021-2022,16,690.0,43.1,9.39,,,0.12,,,,0.12,0.46,,,1.16,,,,,lnr,21.0,189.0,110.0,France,96.42857142857143,88.0,60.3,60.5,1.0,27,46,83,33,34,95,,36.8,↘,5,"[69.5, 43.5, 39.1, 38.8, 38.3]",100,-1.03,3ème Ligne,3L,100,Haute,False,Moyenne,False,28,10.0,,,,,,,,,,,,0.0
lnr_2196,2196,nolann-le-garrec,https://cdn.lnr.fr/joueur/2196-nolann-le-garrec/photo/photoFull.7cb6d3e8fb1a9ef473f9440830017cd30be5f626,Nolann Le Garrec,Racing 92,R92,SCRUM_HALF,Demi de mêlée,2021-2022,16,731.0,45.7,7.0,,,0.11,,,,0.33,0.98,,,8.32,,,,,lnr,19.0,175.0,75.0,France,89.28571428571429,60.0,79.2,75.6,1.0,63,86,97,70,44,85,8.32,37.5,↗,5,"[44.7, 23.1, 30.1, 32.1, 62.9]",100,-1.38,Demi de mêlée,9,100,Haute,False,Moyenne,False,4,85.0,,,,,,,,,,,,0.0
lnr_1009,1009,georges-henri-colombe-reazel,https://cdn.lnr.fr/joueur/1009-georges-henri-colombe-reazel/photo/photoFull.a2503fca1a2646233602741328f9c3f7893fa1e1,G. Colombe Reazel,Racing 92,R92,FRONT_ROW,1ère ligne,2021-2022,12,493.0,41.1,4.22,,,0.65,,,,0.16,1.14,,,0.0,,,,,lnr,24.0,193.0,142.0,France,98.46938775510205,100.0,71.5,69.4,0.75,43,100,0,0,54,100,,35.1,↗,5,"[3.4, 24.9, 33.7, 58.3, 43.9]",100,0.5,1ère Ligne,1L,75,Haute,False,Moyenne,False,33,55.6,,,,,,,,,,,,0.0
lnr_2170,2170,louis-dupichot,https://cdn.lnr.fr/joueur/2170-louis-dupichot/photo/photoFull.054c707edd7e8d2d4275da9b6750c4e791637d23,Louis Dupichot,Racing 92,R92,WINGER,Ailier,2021-2022,11,622.0,56.5,1.54,,,0.0,,,,0.64,0.39,,,0.0,,,,,lnr,,,,,0.0,0.0,62.3,62.3,1.0,56,30,0,1,30,0,0.0,50.0,→,0,[],100,0.0,Ailier,AIL,100,Haute,False,Moyenne,False,12,35.3,,,,,,,,,,,,0.0
lnr_2169,2169,ali-oz,https://cdn.lnr.fr/joueur/2169-ali-oz/photo/photoFull.c13853c24f9a438203d2dc57b45e48161a549ae5,Ali Oz,Racing 92,R92,FRONT_ROW,1ère ligne,2021-2022,11,506.0,46.0,7.43,,,0.0,,,,0.0,0.47,,,0.0,,,,,lnr,,,,,0.0,0.0,50.7,55.5,0.75,0,45,0,31,30,0,,50.0,→,0,[],100,0.0,1ère Ligne,1L,75,Haute,False,Moyenne,False,68,6.9,,,,,,,,,,,,0.0
lnr_1806,1806,baptiste-pesenti,https://cdn.lnr.fr/joueur/1806-baptiste-pesenti/photo/photoFull.0d105085f705532550693973c5545a1d4e020463,B. Pesenti,Racing 92,R92,BACK_ROW,3ème ligne,2021-2022,11,591.0,53.7,9.75,,,0.0,,,,0.0,0.14,,,0.68,,,,,lnr,24.0,195.0,118.0,France,99.48979591836735,94.39999999999999,57.4,65.7,0.75,0,14,49,37,30,99,,75.7,↗,5,"[36.2, 100, 70.9, 91.7, 98.5]",100,0.5,3ème Ligne,3L,75,Haute,False,Moyenne,False,20,36.7,,,,,,,,,,,,0.0
lnr_1991,1991,victor-moreaux,https://cdn.lnr.fr/joueur/1991-victor-moreaux/photo/photoFull.28a7076c5091624b9d043c9f795307457230f77f,Victor Moreaux,Racing 92,R92,LOCK,2ème ligne,2021-2022,10,263.0,26.3,8.82,,,0.3,,,,0.0,0.0,,,0.0,,,,,lnr,28.0,198.0,127.0,France,100.0,100.0,70.4,70.2,0.6,0,0,0,42,43,99,,36.5,→,2,"[51.3, 34.7]",100,2.96,2ème Ligne,2L,60,Moyenne,True,Basse,False,11,70.6,,,,,,,,,,,,0.0
lnr_2198,2198,max-spring,https://cdn.lnr.fr/joueur/2198-max-spring/photo/photoFull.d27019f52768bff9ad76599574dced3c5044bc4f,Max Spring,Racing 92,R92,FULLBACK,Arrière,2021-2022,10,759.0,75.9,1.69,,,0.0,,,,0.63,0.63,,,1.05,,,,,lnr,21.0,173.0,75.0,France,88.26530612244898,60.0,57.1,55.0,1.0,26,42,16,23,30,84,1.05,12.7,↘,5,"[36.7, 22.9, 13.7, 5.7, 7.2]",100,-1.03,Arrière,ARR,100,Haute,False,Moyenne,False,10,10.0,,,,,,,,,,,,0.0
lnr_987,987,teddy-thomas,https://cdn.lnr.fr/joueur/987-teddy-thomas/photo/photoFull.a2503fca1a2646233602741328f9c3f7893fa1e1,Teddy Thomas,Racing 92,R92,WINGER,Ailier,2021-2022,10,681.0,68.1,2.35,,,0.0,,,,0.7,0.82,,,3.52,,,,,lnr,28.0,185.0,94.0,France,94.38775510204081,75.2,76.9,72.6,1.0,61,87,100,15,30,94,3.52,13.3,↗,5,"[0, 17.7, 24.6, 23.6, 2.2]",100,2.96,Ailier,AIL,100,Haute,False,Moyenne,False,4,82.4,84.5,France,26,cluster_1,92.7,81.0,50.0,83.7,78.4,95.1,95.8,0.95
lnr_2201,2201,gia-kharaishvili,https://cdn.lnr.fr/joueur/2201-gia-kharaishvili/photo/photoFull.d27019f52768bff9ad76599574dced3c5044bc4f,G. Kharaishvili,Racing 92,R92,FRONT_ROW,1ère ligne,2021-2022,5,121.0,24.2,11.9,,,0.66,,,,0.0,0.0,,,0.0,,,,,lnr,23.0,180.0,120.0,Géorgie,91.83673469387756,96.0,78.7,71.5,0.5,0,0,0,79,55,92,,33.9,→,5,"[32.8, 39.8, 82.3, 26.0, 26.6]",100,-0.16,1ère Ligne,1L,50,Basse,True,Basse,True,24,68.1,,,,,,,,,,,,0.0
lnr_2197,2197,maxime-baudonne,https://cdn.lnr.fr/joueur/2197-maxime-baudonne/photo/photoFull.d27019f52768bff9ad76599574dced3c5044bc4f,Maxime Baudonne,Racing 92,R92,BACK_ROW,3ème ligne,2021-2022,4,135.0,33.8,9.48,,,1.19,,,,0.0,0.0,,,0.0,,,,,lnr,,,,,0.0,0.0,65.8,68.7,0.5,0,0,0,34,67,0,,52.9,↘,5,"[100, 48.4, 57.2, 32.1, 75.9]",100,0.0,3ème Ligne,3L,50,Basse,True,Basse,True,14,55.0,,,,,,,,,,,,0.0
lnr_2127,2127,jonathan-maiau,https://cdn.lnr.fr/joueur/2127-jonathan-maiau/photo/photoFull.3bdbafd9a091ef5bb037d3de56d946eed2f8ad5f,J. Maiau,Racing 92,R92,FRONT_ROW,1ère ligne,2021-2022,4,79.0,19.8,13.16,,,0.0,,,,0.0,0.0,,,0.0,,,,,lnr,,,,,0.0,0.0,60.9,65.4,0.5,0,0,0,92,30,0,,50.0,→,0,[],100,0.0,1ère Ligne,1L,50,Basse,True,Basse,True,55,25.0,,,,,,,,,,,,0.0
lnr_2780,2780,enzo-benmegal,https://cdn.lnr.fr/joueur/2780-enzo-benmegal/photo/photoFull.fe5b6edecb877fb4ff7853edcd6a3662574bc87d,Enzo Benmegal,Racing 92,R92,WINGER,Ailier,2021-2022,2,60.0,30.0,5.33,,,0.0,,,,0.0,0.0,,,0.0,,,,,lnr,,,,,0.0,0.0,50.0,60.0,0.5,0,0,0,66,30,0,0.0,50.0,→,0,[],100,0.0,Ailier,AIL,50,Basse,True,Basse,True,15,17.6,,,,,,,,,,,,0.0
lnr_1850,1850,siate-folau-tokolahi,https://cdn.lnr.fr/joueur/1850-siate-folau-tokolahi/photo/photoFull.bf4a801945c52387138b3325d9dd3bcf510292ab,S. Tokolahi,Pau,PAU,FRONT_ROW,1ère ligne,2021-2022,23,774.0,33.7,9.41,,,0.1,,,,0.0,0.21,,,0.0,,,,,lnr,30.0,179.0,123.0,Tonga,91.3265306122449,98.4,71.2,71.6,1.0,0,20,0,52,34,94,,51.4,↘,5,"[15.8, 87.1, 20.7, 45.4, 90.5]",100,2.61,1ère Ligne,1L,100,Haute,False,Moyenne,False,23,69.4,,,,,,,,,,,,0.0
lnr_1895,1895,thibault-daubagna,https://cdn.lnr.fr/joueur/1895-thibault-daubagna/photo/photoFull.bf4a801945c52387138b3325d9dd3bcf510292ab,T. Daubagna,Pau,PAU,SCRUM_HALF,Demi de mêlée,2021-2022,20,734.0,36.7,5.67,,,0.11,,,,0.22,1.09,,,0.54,,,,,lnr,27.0,177.0,83.0,France,90.3061224489796,66.4,80.8,77.6,1.0,42,98,6,40,44,91,0.54,36.6,↘,5,"[32.8, 71.3, 51.6, 21.1, 43.2]",100,2.61,Demi de mêlée,9,100,Haute,False,Moyenne,False,2,95.0,,,,,,,,,,,,0.0
lnr_1885,1885,ignacio-calles,https://cdn.lnr.fr/joueur/1885-ignacio-calles/photo/photoFull.1d6a32f7ce4a12d423552fb50b73687ec52ba345,Ignacio Calles,Pau,PAU,FRONT_ROW,1ère ligne,2021-2022,19,664.0,34.9,9.64,,,0.24,,,,0.0,0.0,,,0.0,,,,,lnr,26.0,187.0,116.0,Argentine,95.40816326530613,92.80000000000001,70.7,67.8,1.0,0,0,0,54,39,91,,23.9,↘,5,"[41.2, 28.4, 44.6, 3.1, 28.9]",100,2.0,1ère Ligne,1L,100,Haute,False,Moyenne,False,43,41.7,,,,,,,,,,,,0.0
lnr_1911,1911,lekima-vuda-tagitagivalu,https://cdn.lnr.fr/joueur/1911-lekima-vuda-tagitagivalu/photo/photoFull.d27019f52768bff9ad76599574dced3c5044bc4f,L. Tagitagivalu,Pau,PAU,LOCK,2ème ligne,2021-2022,18,977.0,54.3,10.32,,,0.25,,,,0.08,0.41,,,0.0,,,,,lnr,26.0,195.0,110.0,Fidji,99.48979591836735,88.0,75.4,74.0,1.0,23,29,0,60,41,97,,44.1,↘,5,"[85.8, 49.3, 43.5, 28.7, 62.2]",100,2.0,2ème Ligne,2L,100,Haute,False,Bonne,False,5,86.8,,,,,,,,,,,,0.0
lnr_1917,1917,youri-delhommel,https://cdn.lnr.fr/joueur/1917-youri-delhommel/photo/photoFull.bf4a801945c52387138b3325d9dd3bcf510292ab,Youri Delhommel,Pau,PAU,FRONT_ROW,1ère ligne,2021-2022,17,558.0,32.8,10.18,,,0.43,,,,0.14,0.29,,,1.43,,,,,lnr,26.0,181.0,101.0,France,92.3469387755102,80.80000000000001,75.1,73.4,0.75,37,28,67,60,46,81,,46.0,↘,5,"[58.6, 100, 43.2, 43.2, 47.8]",100,2.0,1ère Ligne,1L,75,Haute,False,Moyenne,False,17,77.1,,,,,,,,,,,,0.0
lnr_1940,1940,reece-hewat,https://cdn.lnr.fr/joueur/1940-reece-hewat/photo/photoFull.b948a9307d0771aeee5c40d614c45938eb2eb700,Reece Hewat,Pau,PAU,BACK_ROW,3ème ligne,2021-2022,17,752.0,44.2,11.49,,,0.11,,,,0.21,0.43,,,1.06,,,,,lnr,24.0,191.0,106.0,Australie,97.44897959183673,84.8,65.9,65.4,1.0,47,43,76,56,33,93,,38.2,↗,5,"[18.3, 19.9, 19.9, 58.3, 59.3]",100,0.5,3ème Ligne,3L,100,Haute,False,Moyenne,False,22,30.0,,,,,,,,,,,,0.0
lnr_1913,1913,mathias-colombet,https://cdn.lnr.fr/joueur/1913-mathias-colombet/photo/photoFull.6fc701688372b38c2cd93e972d93fc323ab7f457,Mathias Colombet,Pau,PAU,WINGER,Ailier,2021-2022,16,812.0,50.8,4.93,,,0.1,,,,0.3,0.59,,,0.99,,,,,lnr,,,,,0.0,0.0,61.6,61.6,1.0,26,56,28,60,34,0,0.99,50.0,→,0,[],100,0.0,Ailier,AIL,100,Haute,False,Bonne,False,14,23.5,,,,,,,,,,,,0.0
lnr_1905,1905,eliott-roudil,https://cdn.lnr.fr/joueur/1905-eliott-roudil/photo/photoFull.55223152d2bdf719adae33c3f4ef18c348eed132,Eliott Roudil,Pau,PAU,CENTRE,Centre,2021-2022,16,868.0,54.2,5.53,,,0.18,,,,0.37,0.37,,,0.46,,,,,lnr,,,,,0.0,0.0,59.4,59.4,1.0,36,22,15,43,44,0,,50.0,→,0,[],100,0.0,Centre,CTR,100,Haute,False,Bonne,False,25,12.5,,,,,,,,,,,,0.0
lnr_1900,1900,fabrice-metz,https://cdn.lnr.fr/joueur/1900-fabrice-metz/photo/photoFull.55223152d2bdf719adae33c3f4ef18c348eed132,Fabrice Metz,Pau,PAU,LOCK,2ème ligne,2021-2022,15,637.0,42.5,9.04,,,0.0,,,,0.13,0.13,,,0.0,,,,,lnr,,,,,0.0,0.0,53.9,53.9,1.0,37,9,0,45,30,0,,50.0,→,0,[],100,0.0,2ème Ligne,2L,100,Haute,False,Moyenne,False,34,2.9,,,,,,,,,,,,0.0
lnr_1902,1902,nathan-decron,https://cdn.lnr.fr/joueur/1902-nathan-decron/photo/photoFull.bf4a801945c52387138b3325d9dd3bcf510292ab,Nathan Decron,Pau,PAU,CENTRE,Centre,2021-2022,13,825.0,63.5,6.69,,,0.29,,,,0.48,0.68,,,0.0,,,,,lnr,24.0,184.0,96.0,France,93.87755102040816,76.8,73.1,72.8,1.0,46,41,0,61,53,88,,51.5,→,5,"[80.2, 64.8, 64.8, 36.7, 67.2]",100,0.5,Centre,CTR,100,Haute,False,Bonne,False,4,89.3,,,,,,,,,,,,0.0
lnr_1935,1935,thomas-carol,https://cdn.lnr.fr/joueur/1935-thomas-carol/photo/photoFull.b948a9307d0771aeee5c40d614c45938eb2eb700,Thomas Carol,Pau,PAU,FULLBACK,Arrière,2021-2022,11,530.0,48.2,3.77,,,0.6,,,,0.3,0.0,,,0.0,,,,,lnr,,,,,0.0,0.0,56.9,64.0,0.75,2,0,0,76,65,0,0.0,65.3,→,1,[76.9],100,0.0,Arrière,ARR,75,Haute,False,Moyenne,False,5,60.0,,,,,,,,,,,,0.0
lnr_1889,1889,remi-seneca,https://cdn.lnr.fr/joueur/1889-remi-seneca/photo/photoFull.bf4a801945c52387138b3325d9dd3bcf510292ab,Rémi Seneca,Pau,PAU,FRONT_ROW,1ère ligne,2021-2022,11,364.0,33.1,11.65,,,0.0,,,,0.22,0.22,,,1.1,,,,,lnr,27.0,185.0,113.0,France,94.38775510204081,90.4,75.8,76.7,0.75,59,21,51,76,30,89,,67.8,↗,5,"[81.0, 39.4, 83.9, 100, 56.5]",100,2.61,1ère Ligne,1L,75,Haute,False,Basse,False,8,90.3,,,,,,,,,,,,0.0
lnr_1929,1929,luke-whitelock,https://cdn.lnr.fr/joueur/1929-luke-whitelock/photo/photoFull.bf4a801945c52387138b3325d9dd3bcf510292ab,Luke Whitelock,Pau,PAU,BACK_ROW,3ème ligne,2021-2022,11,869.0,79.0,7.73,,,0.37,,,,0.09,0.18,,,0.0,,,,,lnr,31.0,193.0,112.0,Nouvelle Zélande,98.46938775510205,89.60000000000001,60.9,62.1,1.0,20,18,0,14,42,96,,41.8,↗,5,"[51.3, 51.3, 100, 37.0, 22.4]",100,2.0,3ème Ligne,3L,100,Haute,False,Bonne,False,25,20.0,,,,,,,,,,,,0.0
lnr_986,986,quentin-lespiaucq,https://cdn.lnr.fr/joueur/986-quentin-lespiaucq/photo/photoFull.7cb6d3e8fb1a9ef473f9440830017cd30be5f626,Quentin Lespiaucq,Pau,PAU,FRONT_ROW,1ère ligne,2021-2022,10,319.0,31.9,8.53,,,0.25,,,,0.0,1.0,,,0.0,,,,,lnr,27.0,180.0,102.0,France,91.83673469387756,81.6,73.1,71.1,0.75,0,96,0,43,39,81,,35.0,↗,5,"[19.1, 47.8, 11.7, 38.6, 56.5]",100,2.61,1ère Ligne,1L,75,Haute,False,Basse,False,25,66.0,,,,,,,,,,,,0.0
lnr_1930,1930,thibault-debaes,https://cdn.lnr.fr/joueur/1930-thibault-debaes/photo/photoFull.55223152d2bdf719adae33c3f4ef18c348eed132,T. Debaes,Pau,PAU,FLY_HALF,Demi d'ouverture,2021-2022,9,357.0,39.7,5.38,,,0.0,,,,0.22,1.57,,,1.57,,,,,lnr,,,,,0.0,0.0,64.6,66.0,0.75,23,90,14,56,30,0,1.57,50.0,→,0,[],100,0.0,Ouvreur,10,75,Haute,False,Basse,False,4,78.6,,,,,,,,,,,,0.0
lnr_1941,1941,eoghan-barrett,https://cdn.lnr.fr/joueur/1941-eoghan-barrett/photo/photoFull.58e6e4b7761b3420a57c37233cfce5ad6a1e7fad,Eoghan Barrett,Pau,PAU,CENTRE,Centre,2021-2022,8,498.0,62.2,5.3,,,0.16,,,,0.64,0.16,,,1.61,,,,,lnr,,,,,0.0,0.0,61.0,63.2,0.75,62,10,52,39,43,0,,50.0,→,0,[],100,0.0,Centre,CTR,75,Haute,False,Moyenne,False,19,35.7,,,,,,,,,,,,0.0
lnr_1884,1884,vincent-pinto,https://cdn.lnr.fr/joueur/1884-vincent-pinto/photo/photoFull.fb26dc620384a6249e4f25079e745b2cf06fe9f6,Vincent Pinto,Pau,PAU,WINGER,Ailier,2021-2022,8,407.0,50.9,5.7,,,0.0,,,,0.39,0.2,,,0.0,,,,,lnr,,,,,0.0,0.0,59.0,61.8,0.75,34,5,0,73,30,0,0.0,50.0,→,0,[],100,0.0,Ailier,AIL,75,Haute,False,Moyenne,False,13,29.4,,,,,,,,,,,,0.0
lnr_1932,1932,alexis-levron,https://cdn.lnr.fr/joueur/1932-alexis-levron/photo/photoFull.d07a8ed44a912e5ca66bb66a4608b6fe5733b8b2,Alexis Levron,Pau,PAU,SCRUM_HALF,Demi de mêlée,2021-2022,7,152.0,21.7,5.79,,,0.0,,,,0.0,0.53,,,0.0,,,,,lnr,,,,,0.0,0.0,55.6,61.3,0.6,0,34,0,43,30,0,0.0,50.0,→,0,[],100,0.0,Demi de mêlée,9,60,Moyenne,True,Basse,False,16,25.0,,,,,,,,,,,,0.0
lnr_1892,1892,guillaume-ducat,https://cdn.lnr.fr/joueur/1892-guillaume-ducat/photo/photoFull.bf7e6b3668f1d7c40821cbfca4c5f267bcf81dfe,G. Ducat,Pau,PAU,LOCK,2ème ligne,2021-2022,4,146.0,36.5,3.84,,,0.0,,,,0.0,0.0,,,0.0,,,,,lnr,25.0,,115.0,France,0.0,92.0,42.8,57.0,0.5,0,0,0,0,30,13,,25.2,→,5,"[32.1, 39.2, 47.8, 13.7, 22.8]",100,1.26,2ème Ligne,2L,50,Basse,True,Basse,True,32,8.8,,,,,,,,,,,,0.0
lnr_1853,1853,jack-maddocks,https://cdn.lnr.fr/joueur/1853-jack-maddocks/photo/photoFull.bf4a801945c52387138b3325d9dd3bcf510292ab,Jack Maddocks,Pau,PAU,FULLBACK,Arrière,2021-2022,4,284.0,71.0,2.54,,,0.0,,,,0.56,0.56,,,1.41,,,,,lnr,25.0,194.0,100.0,Australie,98.9795918367347,80.0,61.3,62.0,0.6,21,37,22,45,30,98,1.41,12.4,↘,5,"[32.1, 32.1, 9.8, 11.8, 1.8]",100,1.26,Arrière,ARR,60,Moyenne,True,Basse,True,7,40.0,69.4,Australie,12,cluster_1,75.2,57.4,50.0,91.7,89.8,68.6,94.8,0.0
lnr_1811,1811,giorgi-melikidze,https://cdn.lnr.fr/joueur/1811-giorgi-melikidze/photo/photoFull.0d105085f705532550693973c5545a1d4e020463,Giorgi Melikidze,Paris,SFP,FRONT_ROW,1ère ligne,2021-2022,23,918.0,39.9,7.58,,,0.52,,,,0.0,0.17,,,0.0,,,,,lnr,25.0,180.0,116.0,Géorgie,91.83673469387756,92.80000000000001,69.5,69.1,1.0,0,16,0,32,49,90,,41.1,↘,5,"[26.0, 33.3, 43.8, 42.4, 62.1]",100,1.26,1ère Ligne,1L,100,Haute,False,Bonne,False,36,50.7,77.6,GEORG,27,cluster_0,52.2,50.2,50.0,88.4,89.4,54.2,92.0,0.25999999999999945
lnr_1831,1831,moses-eneliko-alo-emile,https://cdn.lnr.fr/joueur/1831-moses-eneliko-alo-emile/photo/photoFull.eb7c8a121d72a5469d4eb6f17a32ea8cc568bf6c,M. Alo Emile,Paris,SFP,FRONT_ROW,1ère ligne,2021-2022,20,924.0,46.2,6.23,,,0.35,,,,0.0,0.17,,,0.43,,,,,lnr,22.0,187.0,125.0,Australie,95.40816326530613,100.0,63.5,64.9,1.0,0,16,20,18,43,96,,51.7,↗,5,"[66.7, 31.4, 40.9, 52.9, 83.0]",100,-0.67,1ère Ligne,1L,100,Haute,False,Bonne,False,56,23.6,,,,,,,,,,,,0.0
lnr_1782,1782,james-robert-hall,https://cdn.lnr.fr/joueur/1782-james-robert-hall/photo/photoFull.746d583d9f8a2aa9c322b15ebadc8acc096151d2,J. Hall,Paris,SFP,SCRUM_HALF,Demi de mêlée,2021-2022,20,842.0,42.1,4.75,,,0.0,,,,0.1,0.67,,,0.48,,,,,lnr,26.0,173.0,82.0,Afrique du Sud,88.26530612244898,65.60000000000001,62.8,62.7,1.0,19,50,6,20,30,89,0.48,33.7,↘,5,"[34.0, 34.0, 19.1, 50.4, 41.2]",100,2.0,Demi de mêlée,9,100,Haute,False,Bonne,False,14,35.0,,,,,,,,,,,,0.0
lnr_1829,1829,leo-barre,https://cdn.lnr.fr/joueur/1829-leo-barre/photo/photoFull.eb7c8a121d72a5469d4eb6f17a32ea8cc568bf6c,Leo Barre,Paris,SFP,FLY_HALF,Demi d'ouverture,2021-2022,19,757.0,39.8,3.8,,,0.0,,,,0.53,1.37,,,2.85,,,,,lnr,,,,,0.0,0.0,65.3,61.5,1.0,55,78,26,30,30,0,2.85,10.8,↘,5,"[19.6, 11.8, 7.2, 0, 15.7]",100,0.0,Ouvreur,10,100,Haute,False,Moyenne,False,8,50.0,,,,,,,,,,,,0.0
lnr_1739,1739,juan-john-van-der-mescht,https://cdn.lnr.fr/joueur/1739-juan-john-van-der-mescht/photo/photoFull.af05d90330b88b7be458e288b68ca734babbf81c,J. Van Der Mescht,Paris,SFP,LOCK,2ème ligne,2021-2022,19,620.0,32.6,6.84,,,0.9,,,,0.0,0.0,,,0.0,,,,,lnr,,,,,0.0,0.0,57.4,57.4,1.0,0,0,0,18,69,0,,50.0,→,0,[],100,0.0,2ème Ligne,2L,100,Haute,False,Moyenne,False,30,14.7,,,,,,,,,,,,0.0
lnr_1787,1787,mathieu-de-giovanni,https://cdn.lnr.fr/joueur/1787-mathieu-de-giovanni/photo/photoFull.fa741145527d67f0373a3b7f544c55452bd2af8a,M. De Giovanni,Paris,SFP,BACK_ROW,3ème ligne,2021-2022,18,575.0,31.9,11.69,,,0.28,,,,0.0,0.14,,,0.0,,,,,lnr,,,,,0.0,0.0,58.6,61.5,0.75,0,14,0,58,39,0,,50.0,→,0,[],100,0.0,3ème Ligne,3L,75,Haute,False,Moyenne,False,26,16.7,,,,,,,,,,,,0.0
lnr_1824,1824,latu-silatolu-latu,https://cdn.lnr.fr/joueur/1824-latu-silatolu-latu/photo/photoFull.7cb6d3e8fb1a9ef473f9440830017cd30be5f626,L. Latu,Paris,SFP,FRONT_ROW,1ère ligne,2021-2022,17,986.0,58.0,4.95,,,0.89,,,,0.24,0.41,,,0.41,,,,,lnr,29.0,178.0,110.0,Tonga,90.81632653061224,88.0,72.0,68.3,1.0,64,39,19,4,63,86,,17.2,↗,5,"[9.0, 25.3, 34.9, 37.5, 0]",100,2.96,1ère Ligne,1L,100,Haute,False,Bonne,False,41,44.4,72.6,Australie,26,cluster_1,75.7,91.7,50.0,86.6,51.5,68.3,86.4,0.0
lnr_1784,1784,nemo-gunther-roelofse,https://cdn.lnr.fr/joueur/1784-nemo-gunther-roelofse/photo/photoFull.746d583d9f8a2aa9c322b15ebadc8acc096151d2,N. Roelofse,Paris,SFP,FRONT_ROW,1ère ligne,2021-2022,17,605.0,35.6,8.2,,,1.19,,,,0.0,0.26,,,0.0,,,,,lnr,26.0,182.0,120.0,Afrique du Sud,92.85714285714286,96.0,78.7,73.4,1.0,0,25,0,39,70,93,,17.4,↘,5,"[10.7, 50.4, 30.9, 28.6, 0]",100,2.0,1ère Ligne,1L,100,Haute,False,Moyenne,False,17,77.1,,,,,,,,,,,,0.0
lnr_434,434,lucas-da-silva,https://cdn.lnr.fr/joueur/434-lucas-da-silva/photo/photoFull.5130516f3d5f5fbc23b3eaab6efe1a2b3082c3df,Lucas Da Silva,Paris,SFP,FRONT_ROW,1ère ligne,2021-2022,16,607.0,37.9,9.36,,,0.26,,,,0.13,0.4,,,0.0,,,,,lnr,,,,,0.0,0.0,58.6,58.6,1.0,35,38,0,51,40,0,,50.0,→,0,[],100,0.0,1ère Ligne,1L,100,Haute,False,Moyenne,False,65,11.1,,,,,,,,,,,,0.0
lnr_1745,1745,marcos-kremer,https://cdn.lnr.fr/joueur/1745-marcos-kremer/photo/photoFull.b5e9990d9a31ede8327da9bafe6aeb896ea144f3,Marcos Kremer,Paris,SFP,BACK_ROW,3ème ligne,2021-2022,15,962.0,64.1,13.47,,,0.58,,,,0.08,0.0,,,0.42,,,,,lnr,24.0,195.0,110.0,Argentine,99.48979591836735,88.0,71.9,70.8,1.0,18,0,30,77,48,96,,42.9,↘,5,"[36.7, 100, 40.1, 33.7, 50.4]",100,0.5,3ème Ligne,3L,100,Haute,False,Bonne,False,9,73.3,61.9,Argentine,106,cluster_1,58.1,50.7,50.0,85.5,69.4,51.2,85.2,0.0
lnr_1788,1788,lester-etien,https://cdn.lnr.fr/joueur/1788-lester-etien/photo/photoFull.af05d90330b88b7be458e288b68ca734babbf81c,Lester Etien,Paris,SFP,CENTRE,Centre,2021-2022,13,762.0,58.6,3.88,,,0.42,,,,1.15,0.42,,,3.15,,,,,lnr,26.0,180.0,93.0,France,91.83673469387756,74.4,77.7,73.7,1.0,100,25,100,17,63,86,,26.1,↘,5,"[28.8, 27.8, 4.8, 19.0, 47.8]",100,2.0,Centre,CTR,100,Haute,False,Moyenne,False,2,96.4,,,,,,,,,,,,0.0
lnr_686,686,loic-godener,https://cdn.lnr.fr/joueur/686-loic-godener/photo/photoFull.c13853c24f9a438203d2dc57b45e48161a549ae5,Loic Godener,Paris,SFP,BACK_ROW,3ème ligne,2021-2022,13,690.0,53.1,11.71,,,0.35,,,,0.12,0.93,,,0.0,,,,,lnr,,,,,0.0,0.0,67.6,67.6,1.0,27,93,0,58,41,0,,50.0,→,0,[],100,0.0,3ème Ligne,3L,100,Haute,False,Moyenne,False,17,46.7,,,,,,,,,,,,0.0
lnr_1802,1802,paul-alo-emile,https://cdn.lnr.fr/joueur/1802-paul-alo-emile/photo/photoFull.0d105085f705532550693973c5545a1d4e020463,Paul Alo Emile,Paris,SFP,FRONT_ROW,1ère ligne,2021-2022,12,566.0,47.2,7.92,,,0.14,,,,0.0,0.14,,,0.0,,,,,lnr,30.0,180.0,132.0,Australie,91.83673469387756,100.0,68.9,70.7,0.75,0,13,0,36,35,98,,53.0,↗,5,"[66.8, 60.1, 100, 58.0, 39.4]",100,2.61,1ère Ligne,1L,75,Haute,False,Moyenne,False,29,61.1,,,,,,,,,,,,0.0
lnr_2103,2103,adrien-lapegue-lafaye,https://cdn.lnr.fr/joueur/2103-adrien-lapegue-lafaye/photo/photoFull.6fc701688372b38c2cd93e972d93fc323ab7f457,A. Lapegue - Lafaye,Paris,SFP,WINGER,Ailier,2021-2022,12,844.0,70.3,2.84,,,0.0,,,,0.57,0.57,,,0.95,,,,,lnr,,,,,0.0,0.0,64.3,64.3,1.0,50,54,27,24,30,0,0.95,50.0,→,0,[],100,0.0,Ailier,AIL,100,Haute,False,Bonne,False,10,47.1,,,,,,,,,,,,0.0
lnr_1804,1804,ryan-chapuis,https://cdn.lnr.fr/joueur/1804-ryan-chapuis/photo/photoFull.0d105085f705532550693973c5545a1d4e020463,Ryan Chapuis,Paris,SFP,BACK_ROW,3ème ligne,2021-2022,10,515.0,51.5,8.85,,,0.31,,,,0.31,0.0,,,0.78,,,,,lnr,24.0,190.0,105.0,France,96.93877551020408,84.0,60.2,64.3,0.75,69,0,56,27,40,92,,49.3,↘,5,"[47.1, 100, 57.6, 0, 82.0]",100,0.5,3ème Ligne,3L,75,Haute,False,Moyenne,False,23,26.7,,,,,,,,,,,,0.0
lnr_1821,1821,sefanaia-naivalu,https://cdn.lnr.fr/joueur/1821-sefanaia-naivalu/photo/photoFull.1f75a2a9ddd89799fc877d5c192b6ffeb86f7691,S. Naivalu,Paris,SFP,WINGER,Ailier,2021-2022,10,685.0,68.5,3.15,,,0.0,,,,0.58,0.47,,,1.75,,,,,lnr,,,,,0.0,0.0,63.6,63.6,1.0,51,41,50,29,30,0,1.75,50.0,→,0,[],100,0.0,Ailier,AIL,100,Haute,False,Moyenne,False,11,41.2,65.5,Australie,19,cluster_1,66.5,54.6,50.0,90.3,90.8,66.6,86.3,0.0
lnr_213,213,charlie-francoz,https://cdn.lnr.fr/joueur/213-charlie-francoz/photo/photoFull.22d524affa325bfad2a5469bb23df8603fc2554d,Charlie Francoz,Paris,SFP,BACK_ROW,3ème ligne,2021-2022,5,230.0,46.0,9.74,,,0.0,,,,0.35,0.7,,,0.0,,,,,lnr,,,,,0.0,0.0,58.2,62.9,0.6,78,70,0,36,30,0,,50.0,→,0,[],100,0.0,3ème Ligne,3L,60,Moyenne,True,Basse,False,24,23.3,,,,,,,,,,,,0.0
lnr_982,982,thomas-lavault,https://cdn.lnr.fr/joueur/982-thomas-lavault/photo/photoFull.7cb6d3e8fb1a9ef473f9440830017cd30be5f626,Thomas Lavault,La Rochelle,LRO,LOCK,2ème ligne,2021-2022,24,947.0,39.5,8.28,,,0.25,,,,0.17,0.08,,,0.42,,,,,lnr,22.0,198.0,108.0,France,100.0,86.4,66.3,66.7,1.0,49,6,34,35,41,97,,48.5,↗,5,"[15.5, 74.0, 15.4, 51.8, 83.1]",100,-0.67,2ème Ligne,2L,100,Haute,False,Bonne,False,16,55.9,,,,,,,,,,,,0.0
lnr_990,990,pierre-popelin,https://cdn.lnr.fr/joueur/990-pierre-popelin/photo/photoFull.86467e8a06c363e5a424f16ec190ee71bb293d95,Pierre Popelin,La Rochelle,LRO,FULLBACK,Arrière,2021-2022,21,973.0,46.3,3.45,,,0.08,,,,0.25,1.07,,,7.4,,,,,lnr,26.0,181.0,87.0,France,92.3469387755102,69.6,74.6,69.4,1.0,0,71,100,68,35,91,7.4,10.7,→,5,"[0, 25.5, 16.2, 5.9, 8.0]",100,2.0,Arrière,ARR,100,Haute,False,Bonne,False,2,90.0,,,,,,,,,,,,0.0
lnr_1004,1004,thomas-berjon,https://cdn.lnr.fr/joueur/1004-thomas-berjon/photo/photoFull.7cb6d3e8fb1a9ef473f9440830017cd30be5f626,Thomas Berjon,La Rochelle,LRO,SCRUM_HALF,Demi de mêlée,2021-2022,19,612.0,32.2,6.01,,,0.0,,,,0.0,0.39,,,1.31,,,,,lnr,24.0,171.0,76.0,France,87.24489795918367,60.8,55.8,56.3,1.0,0,18,15,48,30,85,1.31,30.0,↘,5,"[44.3, 38.3, 19.3, 29.3, 39.4]",100,0.5,Demi de mêlée,9,100,Haute,False,Moyenne,False,20,5.0,,,,,,,,,,,,0.0
lnr_983,983,uini-atonio,https://cdn.lnr.fr/joueur/983-uini-atonio/photo/photoFull.7cb6d3e8fb1a9ef473f9440830017cd30be5f626,Uini Atonio,La Rochelle,LRO,FRONT_ROW,1ère ligne,2021-2022,18,936.0,52.0,4.27,,,0.09,,,,0.0,0.17,,,1.28,,,,,lnr,32.0,196.0,145.0,Nouvelle Zélande,100.0,100.0,59.8,57.7,1.0,0,16,60,0,33,100,,13.7,→,3,"[3.6, 26.0, 10.1]",100,1.26,1ère Ligne,1L,100,Haute,False,Bonne,False,67,8.3,66.8,France,39,cluster_1,71.8,57.1,50.0,89.5,61.2,50.5,87.8,0.0
lnr_1017,1017,paul-boudehent,https://cdn.lnr.fr/joueur/1017-paul-boudehent/photo/photoFull.7cb6d3e8fb1a9ef473f9440830017cd30be5f626,Paul Boudehent,La Rochelle,LRO,BACK_ROW,3ème ligne,2021-2022,17,848.0,49.9,8.68,,,0.09,,,,0.19,0.28,,,0.47,,,,,lnr,22.0,192.0,107.0,France,97.95918367346938,85.6,57.4,58.5,1.0,42,28,34,25,33,93,,39.0,↘,5,"[85.0, 44.5, 67.0, 22.9, 39.3]",100,-0.67,3ème Ligne,3L,100,Haute,False,Bonne,False,30,3.3,,,,,,,,,,,,0.0
lnr_985,985,levani-botia-veivuke,https://cdn.lnr.fr/joueur/985-levani-botia-veivuke/photo/photoFull.7cb6d3e8fb1a9ef473f9440830017cd30be5f626,L. Veivuke,La Rochelle,LRO,CENTRE,Centre,2021-2022,17,854.0,50.2,6.0,,,0.66,,,,0.75,0.94,,,2.34,,,,,lnr,,,,,0.0,0.0,75.6,75.6,1.0,72,56,75,50,70,0,,52.5,↗,5,"[23.4, 68.6, 53.3, 68.6, 66.4]",100,0.0,Centre,CTR,100,Haute,False,Bonne,False,1,100.0,82.5,FIJI,16,cluster_0,100.0,92.1,50.0,86.3,50.0,95.2,91.8,0.75
lnr_2632,2632,eneriko-buliruarua,https://cdn.lnr.fr/joueur/2632-eneriko-buliruarua/photo/photoFull.746d583d9f8a2aa9c322b15ebadc8acc096151d2,E. Buliruarua,La Rochelle,LRO,CENTRE,Centre,2021-2022,16,657.0,41.1,4.87,,,0.0,,,,0.49,0.61,,,1.83,,,,,lnr,25.0,186.0,106.0,Fidji,94.89795918367348,84.8,65.6,64.1,1.0,47,36,59,33,30,95,,28.2,↘,5,"[41.2, 43.6, 43.6, 5.2, 37.3]",100,1.26,Centre,CTR,100,Haute,False,Moyenne,False,12,60.7,,,,,,,,,,,,0.0
lnr_1000,1000,reda-wardi,https://cdn.lnr.fr/joueur/1000-reda-wardi/photo/photoFull.7cb6d3e8fb1a9ef473f9440830017cd30be5f626,Reda Wardi,La Rochelle,LRO,FRONT_ROW,1ère ligne,2021-2022,16,676.0,42.2,7.22,,,0.59,,,,0.12,0.12,,,0.0,,,,,lnr,26.0,185.0,110.0,France,94.38775510204081,88.0,70.1,71.7,1.0,32,12,0,28,52,87,,60.3,↗,5,"[60.9, 44.5, 38.0, 83.7, 88.9]",100,2.0,1ère Ligne,1L,100,Haute,False,Moyenne,False,22,70.8,,,,,,,,,,,,0.0
lnr_1887,1887,guram-papidze,https://cdn.lnr.fr/joueur/1887-guram-papidze/photo/photoFull.bf4a801945c52387138b3325d9dd3bcf510292ab,Guram Papidze,La Rochelle,LRO,FRONT_ROW,1ère ligne,2021-2022,15,432.0,28.8,13.33,,,0.19,,,,0.0,0.0,,,0.93,,,,,lnr,24.0,187.0,122.0,Géorgie,95.40816326530613,97.6,77.6,74.8,0.75,0,0,43,94,37,94,,49.9,↗,5,"[14.6, 76.1, 95.9, 68.7, 36.2]",100,0.5,1ère Ligne,1L,75,Haute,False,Moyenne,False,12,84.0,67.4,GEORG,8,cluster_0,55.5,50.2,50.0,90.5,70.3,55.3,73.2,0.0
lnr_979,979,samuel-lagrange,https://cdn.lnr.fr/joueur/979-samuel-lagrange/photo/photoFull.673b50508ed570af2802365a4be2390538bb645a,Samuel Lagrange,La Rochelle,LRO,FRONT_ROW,1ère ligne,2021-2022,14,286.0,20.4,8.39,,,0.0,,,,0.0,0.28,,,0.0,,,,,lnr,,,,,0.0,0.0,51.7,59.0,0.6,0,27,0,41,30,0,,50.0,→,0,[],100,0.0,1ère Ligne,1L,60,Moyenne,True,Basse,False,64,12.5,,,,,,,,,,,,0.0
lnr_994,994,remi-picquette,https://cdn.lnr.fr/joueur/994-remi-picquette/photo/photoFull.bf4a801945c52387138b3325d9dd3bcf510292ab,Rémi Picquette,La Rochelle,LRO,LOCK,2ème ligne,2021-2022,14,761.0,54.4,7.88,,,0.53,,,,0.0,0.42,,,1.05,,,,,lnr,27.0,,117.0,France,0.0,93.60000000000001,60.1,60.0,1.0,0,30,86,30,53,14,,28.2,→,5,"[55.3, 10.1, 15.8, 37.7, 36.2]",100,2.61,2ème Ligne,2L,100,Haute,False,Moyenne,False,26,26.5,,,,,,,,,,,,0.0
lnr_2658,2658,facundo-bosch,https://cdn.lnr.fr/joueur/2658-facundo-bosch/photo/photoFull.1d6a32f7ce4a12d423552fb50b73687ec52ba345,Facundo Bosch,La Rochelle,LRO,FRONT_ROW,1ère ligne,2021-2022,13,483.0,37.2,11.43,,,0.99,,,,0.17,0.83,,,1.66,,,,,lnr,30.0,180.0,100.0,Argentine,91.83673469387756,80.0,88.1,81.6,0.75,45,80,78,74,67,80,,47.9,↘,5,"[100, 56.5, 33.8, 77.1, 38.5]",100,2.61,1ère Ligne,1L,75,Haute,False,Moyenne,False,2,98.6,67.0,Argentine,25,cluster_1,51.2,50.0,50.0,76.2,91.1,50.0,87.6,0.0
lnr_970,970,joel-antonio-sclavi,https://cdn.lnr.fr/joueur/970-joel-antonio-sclavi/photo/photoFull.7cb6d3e8fb1a9ef473f9440830017cd30be5f626,J. Sclavi,La Rochelle,LRO,FRONT_ROW,1ère ligne,2021-2022,13,580.0,44.6,5.52,,,0.14,,,,0.0,0.0,,,0.69,,,,,lnr,27.0,188.0,135.0,Argentine,95.91836734693877,100.0,62.8,65.5,0.75,0,0,32,10,35,100,,39.9,↗,5,"[10.7, 5.9, 13.3, 12.1, 100]",100,2.61,1ère Ligne,1L,75,Haute,False,Moyenne,False,52,27.8,62.7,Argentine,15,cluster_1,57.6,50.0,50.0,91.1,60.1,50.0,79.7,0.0
lnr_1001,1001,leo-aouf,https://cdn.lnr.fr/joueur/1001-leo-aouf/photo/photoFull.28a7076c5091624b9d043c9f795307457230f77f,Leo Aouf,La Rochelle,LRO,FRONT_ROW,1ère ligne,2021-2022,12,318.0,26.5,8.3,,,0.25,,,,0.25,0.25,,,0.0,,,,,lnr,25.0,182.0,120.0,France,92.85714285714286,96.0,71.0,68.6,0.75,67,24,0,40,39,93,,29.2,↘,5,"[48.7, 46.0, 60.9, 17.9, 20.7]",100,1.26,1ère Ligne,1L,75,Haute,False,Basse,False,38,48.6,,,,,,,,,,,,0.0
lnr_974,974,pierre-boudehent,https://cdn.lnr.fr/joueur/974-pierre-boudehent/photo/photoFull.55223152d2bdf719adae33c3f4ef18c348eed132,Pierre Boudehent,La Rochelle,LRO,FLY_HALF,Demi d'ouverture,2021-2022,12,483.0,40.2,5.3,,,0.17,,,,0.5,0.17,,,0.83,,,,,lnr,,,,,0.0,0.0,63.6,65.2,0.75,52,10,7,55,70,0,0.83,50.0,→,0,[],100,0.0,Ouvreur,10,75,Haute,False,Moyenne,False,5,71.4,,,,,,,,,,,,0.0
lnr_991,991,jonathan-danty,https://cdn.lnr.fr/joueur/991-jonathan-danty/photo/photoFull.f5ab75ea7c8f921ef2f66960c9e22eacb5e76013,Jonathan Danty,La Rochelle,LRO,CENTRE,Centre,2021-2022,12,638.0,53.2,6.39,,,0.5,,,,0.13,1.0,,,0.63,,,,,lnr,29.0,181.0,110.0,France,92.3469387755102,88.0,76.7,73.1,1.0,13,60,20,56,69,96,,26.0,→,2,"[33.3, 25.5]",100,2.96,Centre,CTR,100,Haute,False,Moyenne,False,3,92.9,71.6,France,20,cluster_1,70.1,74.2,50.0,91.6,75.5,70.5,85.6,0.0
lnr_1025,1025,matthias-haddad,https://cdn.lnr.fr/joueur/1025-matthias-haddad/photo/photoFull.01e7e4177db166b370a81655ed844dbb271b4fe2,M. Haddad,La Rochelle,LRO,BACK_ROW,3ème ligne,2021-2022,12,468.0,39.0,11.62,,,0.17,,,,0.51,1.2,,,0.0,,,,,lnr,21.0,192.0,99.0,France,97.95918367346938,79.2,71.9,69.8,0.75,100,100,0,57,35,89,,42.8,→,5,"[74.9, 22.9, 32.7, 38.5, 68.1]",100,-1.03,3ème Ligne,3L,75,Haute,False,Moyenne,False,11,66.7,,,,,,,,,,,,0.0
lnr_2441,2441,arthur-retiere,https://cdn.lnr.fr/joueur/2441-arthur-retiere/photo/photoFull.9db3e1c64b0fa647759e691550b9e8351884f243,Arthur Retiere,La Rochelle,LRO,WINGER,Demi de mêlée,2021-2022,10,558.0,55.8,4.16,,,0.0,,,,1.58,0.57,,,2.15,,,,,lnr,24.0,173.0,80.0,France,88.26530612244898,64.0,81.0,76.3,0.75,100,54,61,46,30,83,2.15,45.3,↗,5,"[17.5, 12.9, 0, 100, 45.0]",100,0.5,Ailier,AIL,75,Haute,False,Moyenne,False,1,100.0,,,,,,,,,,,,0.0
lnr_678,678,jules-plisson,https://cdn.lnr.fr/joueur/678-jules-plisson/photo/photoFull.6fc701688372b38c2cd93e972d93fc323ab7f457,Jules Plisson,La Rochelle,LRO,FLY_HALF,Demi d'ouverture,2021-2022,9,448.0,49.8,2.32,,,0.0,,,,0.0,0.0,,,8.21,,,,,lnr,,,,,0.0,0.0,51.5,58.2,0.75,0,0,74,6,30,0,8.21,50.0,→,0,[],100,0.0,Ouvreur,10,75,Haute,False,Moyenne,False,14,7.1,67.5,France,13,cluster_1,60.5,58.5,69.5,76.6,92.1,53.8,89.1,0.0
lnr_995,995,jules-le-bail,https://cdn.lnr.fr/joueur/995-jules-le-bail/photo/photoFull.55223152d2bdf719adae33c3f4ef18c348eed132,Jules Le Bail,La Rochelle,LRO,SCRUM_HALF,Demi de mêlée,2021-2022,8,166.0,20.8,3.86,,,0.0,,,,0.48,0.48,,,2.41,,,,,lnr,,,,,0.0,0.0,56.0,61.6,0.6,92,29,28,0,30,0,2.41,50.0,→,0,[],100,0.0,Demi de mêlée,9,60,Moyenne,True,Basse,False,15,30.0,,,,,,,,,,,,0.0
lnr_2342,2342,mathieu-tanguy,https://cdn.lnr.fr/joueur/2342-mathieu-tanguy/photo/photoFull.746d583d9f8a2aa9c322b15ebadc8acc096151d2,Mathieu Tanguy,La Rochelle,LRO,LOCK,2ème ligne,2021-2022,7,229.0,32.7,6.29,,,0.35,,,,0.0,0.0,,,0.0,,,,,lnr,25.0,195.0,107.0,France,99.48979591836735,85.6,61.8,64.7,0.6,0,0,0,11,45,96,,33.4,↘,5,"[45.1, 45.2, 24.6, 24.6, 49.1]",100,1.26,2ème Ligne,2L,60,Moyenne,True,Basse,False,20,44.1,,,,,,,,,,,,0.0
lnr_1012,1012,martin-alonso-munoz,https://cdn.lnr.fr/joueur/1012-martin-alonso-munoz/photo/photoFull.fb26dc620384a6249e4f25079e745b2cf06fe9f6,M. Alonso Muñoz,La Rochelle,LRO,CENTRE,Centre,2021-2022,4,143.0,35.8,2.8,,,0.0,,,,1.12,0.0,,,0.0,,,,,lnr,,,,,0.0,0.0,58.1,64.0,0.5,100,0,0,1,30,0,,50.0,→,0,[],100,0.0,Centre,CTR,50,Basse,True,Basse,True,13,55.4,,,,,,,,,,,,0.0
lnr_2405,2405,thibaud-flament,https://cdn.lnr.fr/joueur/2405-thibaud-flament/photo/photoFull.a2503fca1a2646233602741328f9c3f7893fa1e1,Thibaud Flament,Toulouse,TLS,LOCK,2ème ligne,2021-2022,19,987.0,51.9,9.16,,,0.24,,,,0.08,0.73,,,0.41,,,,,lnr,24.0,,116.0,France,0.0,92.80000000000001,60.0,60.1,1.0,23,52,34,46,40,13,,32.0,↘,5,"[39.9, 21.0, 30.9, 47.8, 34.7]",100,0.5,2ème Ligne,2L,100,Haute,False,Bonne,False,27,23.5,76.6,France,15,cluster_1,90.8,66.9,50.0,90.2,68.6,100.0,80.2,0.15999999999999945
lnr_2451,2451,cyril-baille,https://cdn.lnr.fr/joueur/2451-cyril-baille/photo/photoFull.a2503fca1a2646233602741328f9c3f7893fa1e1,Cyril Baille,Toulouse,TLS,FRONT_ROW,1ère ligne,2021-2022,18,856.0,47.6,8.69,,,0.0,,,,0.0,0.93,,,0.47,,,,,lnr,28.0,182.0,118.0,France,92.85714285714286,94.39999999999999,72.5,68.9,1.0,0,89,22,44,30,91,,15.3,↘,5,"[22.6, 34.7, 29.7, 5.9, 7.2]",100,2.96,1ère Ligne,1L,100,Haute,False,Bonne,False,40,45.8,79.6,France,42,cluster_1,94.8,100.0,50.0,93.7,66.4,83.5,88.2,0.4599999999999994
lnr_334,334,zack-holmes,https://cdn.lnr.fr/joueur/334-zack-holmes/photo/photoFull.c13853c24f9a438203d2dc57b45e48161a549ae5,Zack Holmes,Toulouse,TLS,FLY_HALF,Demi d'ouverture,2021-2022,18,913.0,50.7,5.26,,,0.0,,,,0.18,0.53,,,5.61,,,,,lnr,,,,,0.0,0.0,58.5,58.5,1.0,19,30,50,54,30,0,5.61,50.0,→,0,[],100,0.0,Ouvreur,10,100,Haute,False,Bonne,False,11,28.6,,,,,,,,,,,,0.0
lnr_2461,2461,peato-mauvaka,https://cdn.lnr.fr/joueur/2461-peato-mauvaka/photo/photoFull.a2503fca1a2646233602741328f9c3f7893fa1e1,Peato Mauvaka,Toulouse,TLS,FRONT_ROW,1ère ligne,2021-2022,18,767.0,42.6,6.99,,,0.31,,,,0.52,0.83,,,2.09,,,,,lnr,25.0,184.0,112.0,France,93.87755102040816,89.60000000000001,72.1,74.8,1.0,100,80,98,26,42,88,,74.1,↗,4,"[62.8, 61.9, 95.7, 100]",100,1.26,1ère Ligne,1L,100,Haute,False,Moyenne,False,12,84.0,73.1,France,20,cluster_1,69.6,57.6,50.0,92.4,70.7,75.9,83.3,0.0
lnr_2500,2500,david-ainuu,https://cdn.lnr.fr/joueur/2500-david-ainuu/photo/photoFull.7ca2942712296b23bc0c05ee5ba8a7306bef7b5e,David Ainuu,Toulouse,TLS,FRONT_ROW,1ère ligne,2021-2022,17,432.0,25.4,8.15,,,0.0,,,,0.0,0.37,,,0.0,,,,,lnr,22.0,178.0,122.0,Etats-Unis,90.81632653061224,97.6,64.8,65.6,0.75,0,36,0,38,30,93,,42.0,↗,5,"[44.7, 30.7, 35.4, 36.2, 70.2]",100,-0.67,1ère Ligne,1L,75,Haute,False,Moyenne,False,51,30.6,,,,,,,,,,,,0.0
lnr_2448,2448,dorian-aldegheri,https://cdn.lnr.fr/joueur/2448-dorian-aldegheri/photo/photoFull.a2503fca1a2646233602741328f9c3f7893fa1e1,Dorian Aldegheri,Toulouse,TLS,FRONT_ROW,1ère ligne,2021-2022,17,803.0,47.2,7.87,,,0.4,,,,0.0,0.3,,,0.0,,,,,lnr,28.0,180.0,119.0,France,91.83673469387756,95.19999999999999,71.6,69.7,1.0,0,29,0,35,45,92,,31.7,→,5,"[49.7, 37.7, 33.6, 47.8, 24.4]",100,2.96,1ère Ligne,1L,100,Haute,False,Bonne,False,32,56.9,59.1,France,9,cluster_1,55.9,50.0,50.0,89.5,51.0,55.5,85.5,0.0
lnr_322,322,antoine-miquel,https://cdn.lnr.fr/joueur/322-antoine-miquel/photo/photoFull.c13853c24f9a438203d2dc57b45e48161a549ae5,Antoine Miquel,Toulouse,TLS,BACK_ROW,3ème ligne,2021-2022,17,837.0,49.2,7.74,,,0.48,,,,0.0,1.05,,,0.48,,,,,lnr,,,,,0.0,0.0,61.4,61.4,1.0,0,100,34,15,45,0,,50.0,→,0,[],100,0.0,3ème Ligne,3L,100,Haute,False,Bonne,False,27,13.3,,,,,,,,,,,,0.0
lnr_2453,2453,francois-cros,https://cdn.lnr.fr/joueur/2453-francois-cros/photo/photoFull.a2503fca1a2646233602741328f9c3f7893fa1e1,Francois Cros,Toulouse,TLS,BACK_ROW,3ème ligne,2021-2022,16,974.0,60.9,11.66,,,0.66,,,,0.0,0.25,,,0.41,,,,,lnr,28.0,190.0,111.0,France,96.93877551020408,88.8,73.7,76.5,1.0,0,25,29,58,51,95,,74.1,→,2,"[100, 75.9]",100,2.96,3ème Ligne,3L,100,Haute,False,Bonne,False,2,95.0,67.6,France,25,cluster_1,61.3,57.0,50.0,90.8,77.7,56.7,86.9,0.0
lnr_241,241,baptiste-germain,https://cdn.lnr.fr/joueur/241-baptiste-germain/photo/photoFull.1d6a32f7ce4a12d423552fb50b73687ec52ba345,B. Germain,Toulouse,TLS,SCRUM_HALF,Demi de mêlée,2021-2022,16,642.0,40.1,6.23,,,0.25,,,,0.12,0.87,,,1.12,,,,,lnr,21.0,174.0,82.0,France,88.77551020408163,65.60000000000001,77.1,72.2,1.0,23,73,13,53,61,90,1.12,22.9,↘,5,"[18.3, 22.9, 28.3, 22.0, 27.5]",100,-1.03,Demi de mêlée,9,100,Haute,False,Moyenne,False,10,55.0,,,,,,,,,,,,0.0
lnr_2445,2445,julien-marchand,https://cdn.lnr.fr/joueur/2445-julien-marchand/photo/photoFull.a2503fca1a2646233602741328f9c3f7893fa1e1,Julien Marchand,Toulouse,TLS,FRONT_ROW,1ère ligne,2021-2022,16,654.0,40.9,7.95,,,1.96,,,,0.37,0.24,,,0.61,,,,,lnr,26.0,181.0,110.0,France,92.3469387755102,88.0,79.9,78.2,1.0,99,23,29,36,70,86,,45.0,↘,5,"[89.1, 58.1, 45.5, 23.4, 64.3]",100,2.0,1ère Ligne,1L,100,Haute,False,Moyenne,False,5,94.4,80.2,France,28,cluster_1,97.3,91.7,50.0,90.1,57.0,70.1,89.4,0.5200000000000002
lnr_2498,2498,emmanuel-meafou,https://cdn.lnr.fr/joueur/2498-emmanuel-meafou/photo/photoFull.7ca2942712296b23bc0c05ee5ba8a7306bef7b5e,E. Meafou,Toulouse,TLS,LOCK,2ème ligne,2021-2022,16,865.0,54.1,8.69,,,0.83,,,,0.18,1.85,,,0.92,,,,,lnr,23.0,,145.0,France,0.0,100.0,69.3,68.0,1.0,51,100,75,40,66,15,,38.0,→,5,"[43.8, 40.3, 30.6, 51.1, 45.3]",100,-0.16,2ème Ligne,2L,100,Haute,False,Bonne,False,13,64.7,,,,,,,,,,,,0.0
lnr_2499,2499,richard-tamanui-arnold,https://cdn.lnr.fr/joueur/2499-richard-tamanui-arnold/photo/photoFull.58e6e4b7761b3420a57c37233cfce5ad6a1e7fad,R. Arnold,Toulouse,TLS,LOCK,2ème ligne,2021-2022,15,694.0,46.3,10.49,,,0.0,,,,0.35,0.0,,,0.58,,,,,lnr,,,,,0.0,0.0,59.5,59.5,1.0,100,0,47,62,30,0,,50.0,→,0,[],100,0.0,2ème Ligne,2L,100,Haute,False,Moyenne,False,28,20.6,71.7,Australie,48,cluster_1,63.2,57.2,50.0,87.4,74.9,55.3,84.6,0.0
lnr_2477,2477,yannick-youyoutte,https://cdn.lnr.fr/joueur/2477-yannick-youyoutte/photo/photoFull.6fc701688372b38c2cd93e972d93fc323ab7f457,Yannick Youyoutte,Toulouse,TLS,LOCK,2ème ligne,2021-2022,14,618.0,44.1,10.49,,,1.29,,,,0.0,0.65,,,0.0,,,,,lnr,,,,,0.0,0.0,71.2,71.2,1.0,0,46,0,62,70,0,,50.0,→,0,[],100,0.0,2ème Ligne,2L,100,Haute,False,Moyenne,False,10,73.5,,,,,,,,,,,,0.0
lnr_2492,2492,joshua-brennan,https://cdn.lnr.fr/joueur/2492-joshua-brennan/photo/photoFull.7ca2942712296b23bc0c05ee5ba8a7306bef7b5e,Joshua Brennan,Toulouse,TLS,LOCK,2ème ligne,2021-2022,13,232.0,17.8,10.34,,,0.34,,,,0.0,0.69,,,0.0,,,,,lnr,20.0,199.0,118.0,France,100.0,94.39999999999999,74.2,69.8,0.6,0,49,0,60,45,99,,37.0,↘,5,"[62.3, 30.9, 10.1, 73.3, 35.3]",100,-1.25,2ème Ligne,2L,60,Moyenne,True,Basse,False,12,67.6,,,,,,,,,,,,0.0
lnr_1094,1094,paulo-tafili,https://cdn.lnr.fr/joueur/1094-paulo-tafili/photo/photoFull.c13853c24f9a438203d2dc57b45e48161a549ae5,Paulo Tafili,Toulouse,TLS,FRONT_ROW,1ère ligne,2021-2022,12,438.0,36.5,3.84,,,0.18,,,,0.0,0.37,,,0.0,,,,,lnr,,,,,0.0,0.0,45.6,51.7,0.75,0,36,0,0,37,0,,50.0,→,0,[],100,0.0,1ère Ligne,1L,75,Haute,False,Moyenne,False,71,2.8,,,,,,,,,,,,0.0
lnr_2484,2484,guillaume-cramont,https://cdn.lnr.fr/joueur/2484-guillaume-cramont/photo/photoFull.a2503fca1a2646233602741328f9c3f7893fa1e1,G. Cramont,Toulouse,TLS,FRONT_ROW,1ère ligne,2021-2022,11,630.0,57.3,8.38,,,0.25,,,,0.38,0.25,,,1.9,,,,,lnr,21.0,183.0,107.0,France,93.36734693877551,85.6,68.4,68.5,1.0,100,24,89,41,39,85,,50.1,↗,5,"[53.4, 24.7, 55.9, 22.6, 97.0]",100,-1.03,1ère Ligne,1L,100,Haute,False,Moyenne,False,39,47.2,,,,,,,,,,,,0.0
lnr_2501,2501,dimitri-delibes,https://cdn.lnr.fr/joueur/2501-dimitri-delibes/photo/photoFull.7ca2942712296b23bc0c05ee5ba8a7306bef7b5e,Dimitri Delibes,Toulouse,TLS,CENTRE,Centre,2021-2022,11,691.0,62.8,4.63,,,0.12,,,,0.69,0.46,,,1.74,,,,,lnr,23.0,190.0,98.0,France,96.93877551020408,78.4,67.1,64.4,1.0,67,27,56,29,39,90,,23.2,↘,5,"[33.3, 22.9, 0, 25.5, 38.6]",100,-0.16,Centre,CTR,100,Haute,False,Moyenne,False,11,64.3,,,,,,,,,,,,0.0
lnr_2495,2495,martin-page-relo,https://cdn.lnr.fr/joueur/2495-martin-page-relo/photo/photoFull.9db3e1c64b0fa647759e691550b9e8351884f243,Martin Page Relo,Toulouse,TLS,SCRUM_HALF,Demi de mêlée,2021-2022,11,266.0,24.2,5.11,,,0.0,,,,0.3,0.9,,,2.11,,,,,lnr,23.0,173.0,77.0,France,88.26530612244898,61.6,69.0,64.5,0.6,57,77,25,28,30,86,2.11,9.0,↘,5,"[16.2, 20.1, 6.5, 0, 11.4]",100,-0.16,Demi de mêlée,9,60,Moyenne,True,Basse,False,13,40.0,,,,,,,,,,,,0.0
lnr_2393,2393,ian-boubila,https://cdn.lnr.fr/joueur/2393-ian-boubila/photo/photoFull.d12b43ca6e7fc340fc47e57d679419cdf389ce62,Ian Boubila,Toulouse,TLS,FRONT_ROW,1ère ligne,2021-2022,10,157.0,15.7,8.15,,,1.02,,,,0.0,1.53,,,0.0,,,,,lnr,,,,,0.0,0.0,67.0,68.2,0.6,0,100,0,38,68,0,,50.0,→,0,[],100,0.0,1ère Ligne,1L,60,Moyenne,True,Basse,False,42,43.1,,,,,,,,,,,,0.0
lnr_420,420,arthur-bonneval,https://cdn.lnr.fr/joueur/420-arthur-bonneval/photo/photoFull.df70eb994b7734bdf40e01b850e18c98079124f9,Arthur Bonneval,Toulouse,TLS,WINGER,Ailier,2021-2022,9,544.0,60.4,3.53,,,0.15,,,,1.03,0.59,,,1.47,,,,,lnr,,,,,0.0,0.0,75.9,74.4,0.75,90,56,42,36,36,0,1.47,50.0,→,0,[],100,0.0,Ailier,AIL,75,Haute,False,Moyenne,False,3,88.2,,,,,,,,,,,,0.0
lnr_2456,2456,pierre-fouyssac,https://cdn.lnr.fr/joueur/2456-pierre-fouyssac/photo/photoFull.b5e9990d9a31ede8327da9bafe6aeb896ea144f3,Pierre Fouyssac,Toulouse,TLS,WINGER,Ailier,2021-2022,8,455.0,56.9,7.21,,,0.35,,,,0.18,1.05,,,1.76,,,,,lnr,27.0,189.0,101.0,France,96.42857142857143,80.80000000000001,72.5,70.7,0.75,16,100,50,99,45,96,1.76,34.3,↘,4,"[57.8, 39.3, 33.3, 36.3]",100,2.61,Ailier,AIL,75,Haute,False,Moyenne,False,6,70.6,,,,,,,,,,,,0.0
lnr_2485,2485,paul-mallez,https://cdn.lnr.fr/joueur/2485-paul-mallez/photo/photoFull.a2503fca1a2646233602741328f9c3f7893fa1e1,Paul Mallez,Toulouse,TLS,FRONT_ROW,1ère ligne,2021-2022,7,172.0,24.6,7.91,,,0.93,,,,0.0,0.0,,,0.0,,,,,lnr,21.0,180.0,116.0,France,91.83673469387756,92.80000000000001,71.5,71.1,0.6,0,0,0,36,65,90,,57.9,↗,5,"[36.3, 23.6, 39.4, 44.3, 100]",100,-1.03,1ère Ligne,1L,60,Moyenne,True,Basse,False,25,66.0,,,,,,,,,,,,0.0
lnr_2397,2397,santiago-chocobares,https://cdn.lnr.fr/joueur/2397-santiago-chocobares/photo/photoFull.a2503fca1a2646233602741328f9c3f7893fa1e1,S. Chocobares,Toulouse,TLS,CENTRE,Centre,2021-2022,5,371.0,74.2,6.9,,,0.43,,,,0.22,0.65,,,1.08,,,,,lnr,23.0,188.0,100.0,Argentine,95.91836734693877,80.0,71.5,67.7,0.75,21,39,35,64,64,91,,23.8,→,5,"[6.3, 33.9, 34.7, 19.0, 28.8]",100,-0.16,Centre,CTR,75,Haute,False,Basse,False,8,75.0,62.8,Argentine,20,cluster_1,58.2,57.3,50.0,87.9,90.9,54.6,94.1,0.0
lnr_2502,2502,nelson-epee,https://cdn.lnr.fr/joueur/2502-nelson-epee/photo/photoFull.7ca2942712296b23bc0c05ee5ba8a7306bef7b5e,Nelson Epee,Toulouse,TLS,WINGER,Ailier,2021-2022,5,253.0,50.6,7.59,,,0.32,,,,0.95,0.32,,,1.58,,,,,lnr,,,,,0.0,0.0,75.9,74.6,0.6,83,21,45,100,44,0,1.58,64.4,→,1,[75.7],100,0.0,Ailier,AIL,60,Moyenne,True,Basse,False,2,94.1,,,,,,,,,,,,0.0
lnr_2023,2023,sacha-lotrian,https://cdn.lnr.fr/joueur/2023-sacha-lotrian/photo/photoFull.b5e9990d9a31ede8327da9bafe6aeb896ea144f3,Sacha Lotrian,Perpignan,PER,FRONT_ROW,1ère ligne,2021-2022,22,992.0,45.1,12.98,,,0.08,,,,0.0,0.32,,,0.81,,,,,lnr,21.0,180.0,100.0,France,91.83673469387756,80.0,73.5,71.0,1.0,0,31,38,90,33,80,,36.3,↘,5,"[68.7, 33.6, 27.3, 36.2, 47.8]",100,-1.03,1ère Ligne,1L,100,Haute,False,Bonne,False,27,63.9,,,,,,,,,,,,0.0
lnr_2025,2025,lucas-velarte,https://cdn.lnr.fr/joueur/2025-lucas-velarte/photo/photoFull.b817331ae7e7f540e8505004318a8073270e5d10,Lucas Velarte,Perpignan,PER,FRONT_ROW,1ère ligne,2021-2022,22,823.0,37.4,12.15,,,1.36,,,,0.1,0.29,,,0.97,,,,,lnr,23.0,185.0,108.0,France,94.38775510204081,86.4,85.1,81.1,1.0,27,28,45,81,70,86,,42.5,↘,5,"[80.5, 54.3, 54.3, 41.2, 42.2]",100,-0.16,1ère Ligne,1L,100,Haute,False,Bonne,False,3,97.2,,,,,,,,,,,,0.0
lnr_2002,2002,george-tilsley,https://cdn.lnr.fr/joueur/2002-george-tilsley/photo/photoFull.8a8276a94cfaec44d9ad851c959e24101861b746,George Tilsley,Perpignan,PER,WINGER,Ailier,2021-2022,21,985.0,46.9,5.28,,,0.49,,,,0.32,0.89,,,0.41,,,,,lnr,,,,,0.0,0.0,68.4,68.4,1.0,28,96,12,66,51,0,0.41,50.0,→,0,[],100,0.0,Ailier,AIL,100,Haute,False,Bonne,False,8,58.8,,,,,,,,,,,,0.0
lnr_2000,2000,shahn-eru,https://cdn.lnr.fr/joueur/2000-shahn-eru/photo/photoFull.cba60bf104e3b342ceb7eeb5d08c240acb54484b,Shahn Eru,Perpignan,PER,LOCK,2ème ligne,2021-2022,19,663.0,34.9,8.81,,,0.12,,,,0.36,0.24,,,0.6,,,,,lnr,,,,,0.0,0.0,57.1,57.1,1.0,100,17,49,42,35,0,,50.0,→,0,[],100,0.0,2ème Ligne,2L,100,Haute,False,Moyenne,False,31,11.8,,,,,,,,,,,,0.0
lnr_1987,1987,tom-ecochard,https://cdn.lnr.fr/joueur/1987-tom-ecochard/photo/photoFull.746d583d9f8a2aa9c322b15ebadc8acc096151d2,Tom Ecochard,Perpignan,PER,SCRUM_HALF,Demi de mêlée,2021-2022,17,833.0,49.0,9.03,,,0.1,,,,0.19,0.77,,,0.0,,,,,lnr,29.0,173.0,85.0,France,88.26530612244898,68.0,78.3,74.2,1.0,36,62,0,100,42,91,0.0,24.6,↗,5,"[31.5, 31.5, 94.8, 13.7, 0.5]",100,2.96,Demi de mêlée,9,100,Haute,False,Bonne,False,7,70.0,,,,,,,,,,,,0.0
lnr_1977,1977,matteo-rodor,https://cdn.lnr.fr/joueur/1977-matteo-rodor/photo/photoFull.d303b4e754d5628447799261cf17492ebc23d137,Matteo Rodor,Perpignan,PER,SCRUM_HALF,Demi de mêlée,2021-2022,17,598.0,35.2,5.22,,,0.13,,,,0.13,0.4,,,2.41,,,,,lnr,,,,,0.0,0.0,57.7,60.7,0.75,25,20,28,30,46,0,2.41,50.0,→,0,[],100,0.0,Demi de mêlée,9,75,Haute,False,Moyenne,False,17,20.0,,,,,,,,,,,,0.0
lnr_1973,1973,sadek-deghmache,https://cdn.lnr.fr/joueur/1973-sadek-deghmache/photo/photoFull.63f02d5f7b00d1429cb1de8aa98d311d3cf445ea,Sadek Deghmache,Perpignan,PER,SCRUM_HALF,Demi de mêlée,2021-2022,16,682.0,42.6,8.33,,,0.12,,,,0.0,0.59,,,0.0,,,,,lnr,,,,,0.0,0.0,66.5,66.5,1.0,0,41,0,99,45,0,0.0,50.0,→,0,[],100,0.0,Demi de mêlée,9,100,Haute,False,Moyenne,False,12,45.0,,,,,,,,,,,,0.0
lnr_1958,1958,jeronimo-de-la-fuente,https://cdn.lnr.fr/joueur/1958-jeronimo-de-la-fuente/photo/photoFull.14f86258177c199d0ec3ee9450197974d20d92b1,J. De La Fuente,Perpignan,PER,CENTRE,Centre,2021-2022,14,979.0,69.9,8.34,,,0.16,,,,0.0,0.25,,,0.41,,,,,lnr,,,,,0.0,0.0,58.0,58.3,1.0,0,15,13,87,43,0,,32.4,↗,5,"[22.9, 15.0, 37.3, 37.3, 46.5]",100,0.0,Centre,CTR,100,Haute,False,Bonne,False,28,3.6,71.4,Argentine,82,cluster_1,71.0,69.3,50.0,89.0,85.6,67.8,90.1,0.0
lnr_2008,2008,leon-seilala-lam,https://cdn.lnr.fr/joueur/2008-leon-seilala-lam/photo/photoFull.81ae2ff3cf645856004e61f820bf6824a1fce987,L. Lam,Perpignan,PER,FRONT_ROW,1ère ligne,2021-2022,14,731.0,52.2,9.41,,,0.88,,,,0.44,1.09,,,0.55,,,,,lnr,33.0,183.0,102.0,Samoa américain,93.36734693877551,81.6,83.3,76.9,1.0,100,100,26,52,63,82,,18.3,↗,4,"[11.4, 44.3, 19.9, 9.5]",100,0.5,1ère Ligne,1L,100,Haute,False,Moyenne,False,7,91.7,74.9,SAMOA,18,cluster_0,58.1,53.6,50.0,90.8,81.7,55.4,88.8,0.0
lnr_2479,2479,melvyn-jaminet,https://cdn.lnr.fr/joueur/2479-melvyn-jaminet/photo/photoFull.26dec662e84c737005260a65b33966bd7438db17,Melvyn Jaminet,Perpignan,PER,FLY_HALF,Demi d'ouverture,2021-2022,13,965.0,74.2,1.82,,,0.0,,,,0.58,0.41,,,10.78,,,,,lnr,22.0,180.0,80.0,France,91.83673469387756,64.0,64.4,61.4,1.0,60,23,97,0,30,91,10.78,9.9,↗,5,"[9.2, 0, 15.9, 3.8, 13.2]",100,-0.67,Ouvreur,10,100,Haute,False,Bonne,False,10,35.7,83.1,France,13,cluster_1,92.1,76.5,84.2,88.6,78.2,78.8,85.5,0.8099999999999995
lnr_1955,1955,joaquin-oviedo,https://cdn.lnr.fr/joueur/1955-joaquin-oviedo/photo/photoFull.14f86258177c199d0ec3ee9450197974d20d92b1,Joaquin Oviedo,Perpignan,PER,BACK_ROW,3ème ligne,2021-2022,11,592.0,53.8,16.35,,,0.81,,,,0.14,0.14,,,0.68,,,,,lnr,20.0,191.0,113.0,Argentine,97.44897959183673,90.4,79.3,76.5,0.75,31,14,49,100,55,97,,61.9,↗,5,"[44.3, 89.7, 100, 90.6, 39.3]",100,-1.25,3ème Ligne,3L,75,Haute,False,Moyenne,False,2,95.0,,,,,,,,,,,,0.0
lnr_1990,1990,giorgi-tetrashvili,https://cdn.lnr.fr/joueur/1990-giorgi-tetrashvili/photo/photoFull.746d583d9f8a2aa9c322b15ebadc8acc096151d2,G. Tetrashvili,Perpignan,PER,FRONT_ROW,1ère ligne,2021-2022,7,312.0,44.6,6.67,,,0.0,,,,0.0,0.26,,,0.0,,,,,lnr,28.0,177.0,114.0,Géorgie,90.3061224489796,91.2,63.6,66.6,0.75,0,25,0,23,30,88,,43.6,↗,5,"[3.6, 3.6, 98.5, 73.2, 37.7]",100,2.96,1ère Ligne,1L,75,Haute,False,Basse,False,49,33.3,52.2,GEORG,7,cluster_0,50.0,50.0,50.0,50.0,100.0,50.0,50.0,0.0
lnr_2022,2022,akato-fakatika,https://cdn.lnr.fr/joueur/2022-akato-fakatika/photo/photoFull.b817331ae7e7f540e8505004318a8073270e5d10,Akato Fakatika,Perpignan,PER,FRONT_ROW,1ère ligne,2021-2022,3,76.0,25.3,5.26,,,0.0,,,,0.0,0.0,,,0.0,,,,,lnr,,,,,0.0,0.0,43.1,57.8,0.5,0,0,0,7,30,0,,38.7,→,1,[44.3],100,0.0,1ère Ligne,1L,50,Basse,True,Basse,True,66,9.7,,,,,,,,,,,,0.0
lnr_239,239,nafitalai-owen-maafu,https://cdn.lnr.fr/joueur/239-nafitalai-owen-maafu/photo/photoFull.28a7076c5091624b9d043c9f795307457230f77f,N. Maafu,Perpignan,PER,LOCK,2ème ligne,2021-2022,3,87.0,29.0,7.36,,,0.0,,,,0.0,0.92,,,0.0,,,,,lnr,23.0,,110.0,Etats-Unis,0.0,88.0,51.0,61.3,0.5,0,65,0,24,30,13,,41.8,↘,5,"[77.9, 47.8, 50.4, 56.3, 34.2]",100,-0.16,2ème Ligne,2L,50,Basse,True,Basse,True,25,29.4,,,,,,,,,,,,0.0
lnr_2019,2019,alexandre-perez,https://cdn.lnr.fr/joueur/2019-alexandre-perez/photo/photoFull.1f75a2a9ddd89799fc877d5c192b6ffeb86f7691,A. Perez,Perpignan,PER,FLY_HALF,Demi d'ouverture,2021-2022,3,83.0,27.7,3.86,,,0.0,,,,0.0,0.0,,,0.0,,,,,lnr,,,,,0.0,0.0,46.4,58.2,0.5,0,0,0,31,30,0,0.0,50.0,→,0,[],100,0.0,Ouvreur,10,50,Basse,True,Basse,True,12,21.4,,,,,,,,,,,,0.0
lnr_2004,2004,edward-dratai-sawailau,https://cdn.lnr.fr/joueur/2004-edward-dratai-sawailau/photo/photoFull.c13853c24f9a438203d2dc57b45e48161a549ae5,E. Sawailau,Perpignan,PER,CENTRE,Centre,2021-2022,3,104.0,34.7,6.92,,,0.0,,,,0.77,0.0,,,3.85,,,,,lnr,,,,,0.0,0.0,61.9,65.9,0.5,74,0,100,65,30,0,,50.0,→,0,[],100,0.0,Centre,CTR,50,Basse,True,Basse,True,10,67.9,,,,,,,,,,,,0.0
lnr_894,894,julien-farnoux,https://cdn.lnr.fr/joueur/894-julien-farnoux/photo/photoFull.66c8481f41dae2c760111c9de7f76f50fdc806b3,Julien Farnoux,Perpignan,PER,FULLBACK,Arrière,2021-2022,2,108.0,54.0,5.19,,,0.74,,,,1.48,0.0,,,0.0,,,,,lnr,,,,,0.0,0.0,69.9,69.9,0.5,87,0,0,100,70,0,0.0,50.0,→,0,[],100,0.0,Arrière,ARR,50,Basse,True,Basse,True,1,100.0,,,,,,,,,,,,0.0
lnr_2017,2017,vakhtang-jintcharadze,https://cdn.lnr.fr/joueur/2017-vakhtang-jintcharadze/photo/photoFull.28a7076c5091624b9d043c9f795307457230f77f,V. Jintcharadze,Perpignan,PER,FRONT_ROW,1ère ligne,2021-2022,2,51.0,25.5,6.27,,,0.0,,,,0.0,0.0,,,0.0,,,,,lnr,22.0,187.0,116.0,Géorgie,95.40816326530613,92.80000000000001,57.7,66.7,0.5,0,0,0,18,30,91,,67.3,→,2,"[68.3, 87.1]",100,-0.67,1ère Ligne,1L,50,Basse,True,Basse,True,46,36.1,,,,,,,,,,,,0.0
lnr_327,327,yann-lesgourgues,https://cdn.lnr.fr/joueur/327-yann-lesgourgues/photo/photoFull.df70eb994b7734bdf40e01b850e18c98079124f9,Y. Lesgourgues,Bordeaux,BOR,SCRUM_HALF,Demi de mêlée,2021-2022,25,965.0,38.6,4.39,,,0.08,,,,0.5,0.99,,,1.24,,,,,lnr,,,,,0.0,0.0,72.5,72.5,1.0,96,87,14,12,40,0,1.24,50.0,→,0,[],100,0.0,Demi de mêlée,9,100,Haute,False,Bonne,False,9,60.0,,,,,,,,,,,,0.0
lnr_317,317,lekso-kaulashvili,https://cdn.lnr.fr/joueur/317-lekso-kaulashvili/photo/photoFull.bf4a801945c52387138b3325d9dd3bcf510292ab,L. Kaulashvili,Bordeaux,BOR,FRONT_ROW,1ère ligne,2021-2022,22,717.0,32.6,8.93,,,0.33,,,,0.0,0.0,,,0.0,,,,,lnr,29.0,185.0,132.0,Géorgie,94.38775510204081,100.0,72.9,70.6,1.0,0,0,0,47,42,99,,30.3,↗,5,"[28.0, 28.0, 39.4, 43.9, 28.0]",100,2.96,1ère Ligne,1L,100,Haute,False,Moyenne,False,30,59.7,,,,,,,,,,,,0.0
lnr_320,320,thomas-jolmes,https://cdn.lnr.fr/joueur/320-thomas-jolmes/photo/photoFull.bf4a801945c52387138b3325d9dd3bcf510292ab,Thomas Jolmes,Bordeaux,BOR,LOCK,2ème ligne,2021-2022,21,949.0,45.2,7.59,,,0.25,,,,0.17,0.51,,,0.0,,,,,lnr,26.0,,117.0,France,0.0,93.60000000000001,56.8,61.4,1.0,49,36,0,27,41,14,,63.1,↗,5,"[91.9, 36.7, 100, 100, 45.4]",100,2.0,2ème Ligne,2L,100,Haute,False,Bonne,False,23,33.8,,,,,,,,,,,,0.0
lnr_335,335,bastien-vergnes-taillefer,https://cdn.lnr.fr/joueur/335-bastien-vergnes-taillefer/photo/photoFull.9db3e1c64b0fa647759e691550b9e8351884f243,B. Vergnes Taillefer,Bordeaux,BOR,BACK_ROW,3ème ligne,2021-2022,19,972.0,51.2,9.79,,,0.41,,,,0.16,0.49,,,0.41,,,,,lnr,24.0,194.0,111.0,France,98.9795918367347,88.8,67.2,69.2,1.0,35,49,29,37,43,96,,60.8,↗,5,"[44.8, 84.5, 47.8, 100, 62.2]",100,0.5,3ème Ligne,3L,100,Haute,False,Bonne,False,13,60.0,,,,,,,,,,,,0.0
lnr_329,329,jefferson-poirot,https://cdn.lnr.fr/joueur/329-jefferson-poirot/photo/photoFull.9db3e1c64b0fa647759e691550b9e8351884f243,J. Poirot,Bordeaux,BOR,FRONT_ROW,1ère ligne,2021-2022,17,717.0,42.2,10.93,,,0.45,,,,0.0,0.67,,,0.0,,,,,lnr,29.0,181.0,117.0,France,92.3469387755102,93.60000000000001,80.9,79.7,1.0,0,64,0,68,47,91,,52.8,↗,5,"[23.8, 87.9, 30.9, 68.7, 71.5]",100,2.96,1ère Ligne,1L,100,Haute,False,Moyenne,False,4,95.8,70.5,France,38,cluster_1,83.0,75.0,50.0,90.9,60.0,60.3,88.8,0.0
lnr_339,339,matthieu-jalibert,https://cdn.lnr.fr/joueur/339-matthieu-jalibert/photo/photoFull.9db3e1c64b0fa647759e691550b9e8351884f243,Matthieu Jalibert,Bordeaux,BOR,FLY_HALF,Demi d'ouverture,2021-2022,15,900.0,60.0,5.16,,,0.0,,,,1.24,1.42,,,10.49,,,,,lnr,23.0,184.0,84.0,France,93.87755102040816,67.2,80.1,77.3,1.0,100,81,94,53,30,93,10.49,34.5,↗,5,"[26.2, 25.5, 53.5, 24.0, 50.6]",100,-0.16,Ouvreur,10,100,Haute,False,Bonne,False,1,100.0,86.0,France,23,cluster_1,80.6,87.2,84.4,85.0,88.5,82.1,93.7,1.1
lnr_280,280,federico-mori,https://cdn.lnr.fr/joueur/280-federico-mori/photo/photoFull.1d6a32f7ce4a12d423552fb50b73687ec52ba345,F. Mori,Bordeaux,BOR,CENTRE,Centre,2021-2022,15,727.0,48.5,2.64,,,0.0,,,,0.88,0.55,,,2.2,,,,,lnr,21.0,188.0,108.0,Italie,95.91836734693877,86.4,64.6,60.9,1.0,85,33,71,0,30,96,,11.8,↘,5,"[34.7, 6.5, 7.3, 0, 20.7]",100,-1.03,Centre,CTR,100,Haute,False,Moyenne,False,23,21.4,65.8,ITALY,15,cluster_1,75.5,77.1,50.0,82.2,55.8,65.6,80.7,0.0
lnr_314,314,alban-roussel,https://cdn.lnr.fr/joueur/314-alban-roussel/photo/photoFull.c13853c24f9a438203d2dc57b45e48161a549ae5,Alban Roussel,Bordeaux,BOR,LOCK,2ème ligne,2021-2022,13,449.0,34.5,9.27,,,0.53,,,,0.0,0.89,,,0.89,,,,,lnr,,,,,0.0,0.0,63.6,65.2,0.75,0,63,73,47,53,0,,50.0,→,0,[],100,0.0,2ème Ligne,2L,75,Haute,False,Moyenne,False,19,47.1,,,,,,,,,,,,0.0
lnr_11027,11027,mateo-garcia,https://cdn.lnr.fr/joueur/11027-mateo-garcia/photo/photoFull.26dec662e84c737005260a65b33966bd7438db17,Mateo Garcia,Bordeaux,BOR,FLY_HALF,Demi d'ouverture,2021-2022,11,197.0,17.9,7.31,,,0.0,,,,0.81,1.62,,,7.31,,,,,lnr,19.0,174.0,83.0,France,88.77551020408163,66.4,78.6,69.5,0.6,84,92,66,88,30,90,7.31,17.3,↘,5,"[36.2, 13.7, 9.2, 15.1, 21.6]",100,-1.38,Ouvreur,10,60,Moyenne,True,Basse,False,2,92.9,,,,,,,,,,,,0.0
lnr_276,276,gatien-masse,https://cdn.lnr.fr/joueur/276-gatien-masse/photo/photoFull.673b50508ed570af2802365a4be2390538bb645a,Gatien Masse,Bordeaux,BOR,CENTRE,Centre,2021-2022,10,395.0,39.5,5.06,,,0.0,,,,0.81,0.41,,,0.0,,,,,lnr,,,,,0.0,0.0,62.0,64.0,0.75,78,24,0,36,30,0,,50.0,→,0,[],100,0.0,Centre,CTR,75,Haute,False,Basse,False,13,55.4,,,,,,,,,,,,0.0
lnr_279,279,pierre-bochaton,https://cdn.lnr.fr/joueur/279-pierre-bochaton/photo/photoFull.9db3e1c64b0fa647759e691550b9e8351884f243,Pierre Bochaton,Bordeaux,BOR,LOCK,2ème ligne,2021-2022,8,507.0,63.4,11.52,,,0.16,,,,0.16,0.32,,,0.0,,,,,lnr,20.0,197.0,103.0,France,100.0,82.39999999999999,75.0,72.1,0.75,46,23,0,75,37,96,,46.0,↗,5,"[54.3, 35.4, 58.0, 51.8, 57.6]",100,-1.25,2ème Ligne,2L,75,Haute,False,Moyenne,False,8,79.4,,,,,,,,,,,,0.0
lnr_337,337,geoffrey-cros,https://cdn.lnr.fr/joueur/337-geoffrey-cros/photo/photoFull.5130516f3d5f5fbc23b3eaab6efe1a2b3082c3df,G. Cros,Bordeaux,BOR,FULLBACK,Arrière,2021-2022,8,529.0,66.1,3.78,,,0.0,,,,0.6,0.45,,,1.51,,,,,lnr,,,,,0.0,0.0,59.6,62.2,0.75,23,30,23,76,30,0,1.51,50.0,→,0,[],100,0.0,Arrière,ARR,75,Haute,False,Moyenne,False,6,50.0,,,,,,,,,,,,0.0
lnr_277,277,louis-bielle-biarrey,https://cdn.lnr.fr/joueur/277-louis-bielle-biarrey/photo/photoFull.dcb886cd35479c542abefe5a2fb2ff29300d8c42,L. Bielle-biarrey,Bordeaux,BOR,WINGER,Arrière,2021-2022,7,420.0,60.0,1.14,,,0.0,,,,0.19,0.57,,,0.95,,,,,lnr,18.0,184.0,83.0,France,93.87755102040816,66.4,56.1,57.2,0.75,17,54,27,0,30,87,0.95,18.0,↗,5,"[26.2, 4.9, 10.5, 34.7, 15.1]",100,-1.45,Ailier,AIL,75,Haute,False,Moyenne,False,17,5.9,,,,,,,,,,,,0.0
lnr_324,324,cyril-cazeaux,https://cdn.lnr.fr/joueur/324-cyril-cazeaux/photo/photoFull.9db3e1c64b0fa647759e691550b9e8351884f243,Cyril Cazeaux,Bordeaux,BOR,LOCK,2ème ligne,2021-2022,5,241.0,48.2,7.97,,,0.66,,,,0.33,0.33,,,1.66,,,,,lnr,27.0,198.0,117.0,France,100.0,93.60000000000001,76.4,73.8,0.6,94,23,100,32,59,98,,44.4,↘,5,"[48.6, 53.0, 43.2, 49.3, 56.5]",100,2.61,2ème Ligne,2L,60,Moyenne,True,Basse,False,7,82.4,,,,,,,,,,,,0.0
lnr_2596,2596,nathanael-hulleu,https://cdn.lnr.fr/joueur/2596-nathanael-hulleu/photo/photoFull.50e0d211418fb8267083232d5e5561b6e88fe79f,N. Hulleu,Bordeaux,BOR,WINGER,Ailier,2021-2022,4,228.0,57.0,2.81,,,0.35,,,,0.0,0.35,,,3.51,,,,,lnr,21.0,178.0,86.0,France,90.81632653061224,68.8,55.1,58.5,0.6,0,25,100,23,45,87,3.51,18.9,→,5,"[37.8, 12.4, 25.5, 28.0, 10.1]",100,-1.03,Ailier,AIL,60,Moyenne,True,Basse,True,16,11.8,,,,,,,,,,,,0.0
lnr_287,287,pablo-dimcheff,https://cdn.lnr.fr/joueur/287-pablo-dimcheff/photo/photoFull.fb26dc620384a6249e4f25079e745b2cf06fe9f6,Pablo Dimcheff,Bordeaux,BOR,FRONT_ROW,1ère ligne,2021-2022,3,70.0,23.3,14.86,,,1.14,,,,0.0,1.14,,,0.0,,,,,lnr,,,,,0.0,0.0,80.5,75.2,0.5,0,100,0,100,70,0,,50.0,→,0,[],100,0.0,1ère Ligne,1L,50,Basse,True,Basse,True,10,87.5,,,,,,,,,,,,0.0
lnr_313,313,pablo-uberti,https://cdn.lnr.fr/joueur/313-pablo-uberti/photo/photoFull.9db3e1c64b0fa647759e691550b9e8351884f243,Pablo Uberti,Bordeaux,BOR,CENTRE,Centre,2021-2022,1,62.0,62.0,5.16,,,0.0,,,,0.0,2.58,,,0.0,,,,,lnr,,,,,0.0,0.0,59.5,63.3,0.5,0,100,0,37,30,0,,29.8,↗,5,"[17.8, 33.4, 46.5, 50.9, 18.3]",100,0.0,Centre,CTR,50,Basse,True,Basse,True,18,39.3,,,,,,,,,,,,0.0
